源表行号,任务名称,需求场景,PRD,自动创建子任务,关联项目,优先级,需求来源,需求状态,需求负责 PM,需求群,建群按钮,其他,推进版本（自动查询）,②版本开发计划-关联需求,项目汇总-项目关联需求（需求池中需求）,关联父任务,Epic,阶段,范围分级,验收标准,需求ID,依赖项,阻塞原因,来源类型补充,一期口径,是否MVP必需,负责人角色建议,事实来源,验收补充,风险与阻塞补充,本地来源文档,完善动作,本地MVP映射,AI执行判断,AI下一步动作,AI输出位置,AI验证方式,人工确认点
2,六维达康项目管理总表,统一管理项目、模块、任务、硬件确认、联调验收和支付阻塞项,来源：六维达康项目资料；需求编号：REQ-001,,六维达康水站项目（需求池完善副本）,P0,客户反馈,收集需求,,,建群,,,项目管理底座与敏捷需求池,六维达康水站项目（需求池完善副本）,,项目管理底座,一期,一期必需,8 张核心表、任务看板、硬件确认看板、验收看板可用,REQ-001,飞书多维表格权限,,仓库MVP,30天MVP,是,产品,人工运营,副本中能区分 73 条商业需求与 36 条 MVP 执行需求；后端、飞书、n8n 边界清晰。,无新增阻塞；按补充验收执行。,`water-station/docs/README.md`、协作规则,补后端事实来源、飞书只管协作、n8n 后置边界,"R1,R6,R12,R33,R35",可直接执行,"按 R1,R6,R12,R33,R35 拆成本地任务；优先产出 mock/模拟闭环所需的文档、接口、页面、模型、测试或验收证据。",water-station/docs/planning/；water-station/docs/collaboration/；water-station/docs/README.md,用本地文档、接口/页面行为、测试或手工验收记录证明；核心链路需留下订单-命令-ACK-审计日志证据。,无新增人工确认；按 30 天 MVP mock/模拟闭环执行，真实外部能力不进入本轮。
3,敏捷需求池建立,把客户沟通内容沉淀为需求池，后续再按版本和任务拆分,来源：六维达康项目资料；需求编号：REQ-002,0,六维达康水站项目（需求池完善副本）,P0,客户反馈,收集需求,,,建群,,,项目管理底座与敏捷需求池,六维达康水站项目（需求池完善副本）,,项目管理底座,一期,一期必需,需求池覆盖一期/二期/三期、依赖池、风险池和字段结构,REQ-002,六维达康客户资料,,仓库MVP,30天MVP,是,产品,飞书协作,副本中能区分 73 条商业需求与 36 条 MVP 执行需求；后端、飞书、n8n 边界清晰。,无新增阻塞；按补充验收执行。,需求池规则、整理记录,补 73 商业需求与 36 MVP 执行需求的双层口径,"R2,R12",可直接执行,"按 R2,R12 拆成本地任务；优先产出 mock/模拟闭环所需的文档、接口、页面、模型、测试或验收证据。",water-station/docs/planning/；water-station/docs/collaboration/；water-station/docs/README.md,用本地文档、接口/页面行为、测试或手工验收记录证明；核心链路需留下订单-命令-ACK-审计日志证据。,无新增人工确认；按 30 天 MVP mock/模拟闭环执行，真实外部能力不进入本轮。
4,微信登录与手机号绑定,用户通过微信登录并绑定手机号，便于购卡、充值、取水和配送,来源：六维达康项目资料；需求编号：REQ-003,,六维达康水站项目（需求池完善副本）,P0,客户反馈,收集需求,,,建群,,,用户登录、扫码取水与水卡权益,六维达康水站项目（需求池完善副本）,,用户端,一期,一期必需,用户可登录、绑定手机号，后台可查用户身份,REQ-003,微信小程序 AppID、手机号授权能力,,仓库MVP,30天MVP,是,后端,后端数据库,一期先 mock 登录，真实微信登录进二期或商业一期联调,无新增阻塞；按补充验收执行。,MVP PRD、用户端方案,一期先 mock 登录，真实微信登录进二期或商业一期联调,"R3,R13",可直接执行,"按 R3,R13 拆成本地任务；优先产出 mock/模拟闭环所需的文档、接口、页面、模型、测试或验收证据。",water-station/apps/miniprogram/；water-station/docs/requirements/,用本地文档、接口/页面行为、测试或手工验收记录证明；核心链路需留下订单-命令-ACK-审计日志证据。,无新增人工确认；按 30 天 MVP mock/模拟闭环执行，真实外部能力不进入本轮。
5,扫码识别设备和出水口,扫码后识别对应水站、设备、出水口和机主/渠道归属,来源：六维达康项目资料；需求编号：REQ-004,,六维达康水站项目（需求池完善副本）,P0,客户反馈,收集需求,,,建群,,,用户登录、扫码取水与水卡权益,六维达康水站项目（需求池完善副本）,,用户端,一期,一期必需,扫码后能准确定位设备和出水口，异常码有提示,REQ-004,二维码样例、二维码解析规则、设备编号规则,,仓库MVP,30天MVP,是,后端,后端数据库,补设备码/二维码识别、离线/故障阻断、后台追踪,无新增阻塞；按补充验收执行。,扫码取水联动、MVP 状态机,补设备码/二维码识别、离线/故障阻断、后台追踪,"R3,R7,R15",可直接执行,"按 R3,R7,R15 拆成本地任务；优先产出 mock/模拟闭环所需的文档、接口、页面、模型、测试或验收证据。",water-station/apps/miniprogram/；water-station/docs/requirements/,用本地文档、接口/页面行为、测试或手工验收记录证明；核心链路需留下订单-命令-ACK-审计日志证据。,无新增人工确认；按 30 天 MVP mock/模拟闭环执行，真实外部能力不进入本轮。
6,选择水种和水量,用户选择水种、水量并看到价格,来源：六维达康项目资料；需求编号：REQ-005,,六维达康水站项目（需求池完善副本）,P0,客户反馈,收集需求,,,建群,,,用户登录、扫码取水与水卡权益,六维达康水站项目（需求池完善副本）,,用户端,一期,一期必需,用户可选择水种/水量，价格计算正确,REQ-005,水种定义、价格规则、设备水种能力,,正式PRD,骨架方案,骨架,产品,人工运营,补 8 种水定义待甲方确认，MVP 可用占位水种,MVP 只做模型、页面或字段骨架，真实业务闭环需二次评审。,多品类水管理、价格配置,补 8 种水定义待甲方确认，MVP 可用占位水种,R17,可直接执行,按 R17 拆成本地任务；优先产出 mock/模拟闭环所需的文档、接口、页面、模型、测试或验收证据。,water-station/apps/miniprogram/；water-station/docs/requirements/,用本地文档、接口/页面行为、测试或手工验收记录证明；核心链路需留下订单-命令-ACK-审计日志证据。,无新增人工确认；按 30 天 MVP mock/模拟闭环执行，真实外部能力不进入本轮。
7,水卡余额与权益校验,用户使用水卡或余额完成取水，系统校验余额和权益,来源：六维达康项目资料；需求编号：REQ-006,,六维达康水站项目（需求池完善副本）,P0,客户反馈,收集需求,,,建群,,,用户登录、扫码取水与水卡权益,六维达康水站项目（需求池完善副本）,,用户端,一期,一期必需,余额不足、卡不可用、权益不足均能拦截,REQ-006,水卡套餐规则、余额规则,,正式PRD,骨架方案,骨架,支付财务,微信支付,补虚拟卡/实体卡统一账户、真实扣费不进 30 天 MVP,MVP 只做模型、页面或字段骨架，真实业务闭环需二次评审。,在线购卡充值、三账户,补虚拟卡/实体卡统一账户、真实扣费不进 30 天 MVP,"R17,R18",可直接执行,"按 R17,R18 拆成本地任务；优先产出 mock/模拟闭环所需的文档、接口、页面、模型、测试或验收证据。",water-station/apps/miniprogram/；water-station/docs/requirements/,用本地文档、接口/页面行为、测试或手工验收记录证明；核心链路需留下订单-命令-ACK-审计日志证据。,无新增人工确认；按 30 天 MVP mock/模拟闭环执行，真实外部能力不进入本轮。
8,购卡充值,用户在线购买水卡或充值余额,来源：六维达康项目资料；需求编号：REQ-007,,六维达康水站项目（需求池完善副本）,P0,客户反馈,收集需求,,,建群,,,用户登录、扫码取水与水卡权益,六维达康水站项目（需求池完善副本）,,用户端,一期,一期必需,支付成功后水卡/余额到账，流水可查,REQ-007,微信支付、小程序 AppID、商户号,,报价商务,商业一期,否,支付财务,微信支付,补微信商户号、回调验签、退款、对账、幂等阻塞,无新增阻塞；按补充验收执行。,支付与分账、报价材料,补微信商户号、回调验签、退款、对账、幂等阻塞,"R17,R30",可直接执行,"按 R17,R30 拆成本地任务；优先产出 mock/模拟闭环所需的文档、接口、页面、模型、测试或验收证据。",water-station/apps/miniprogram/；water-station/docs/requirements/,用本地文档、接口/页面行为、测试或手工验收记录证明；核心链路需留下订单-命令-ACK-审计日志证据。,无新增人工确认；按 30 天 MVP mock/模拟闭环执行，真实外部能力不进入本轮。
9,消费记录查询,用户查看取水、充值、配送等消费记录,来源：六维达康项目资料；需求编号：REQ-008,,六维达康水站项目（需求池完善副本）,P1,客户反馈,收集需求,,,建群,,,用户登录、扫码取水与水卡权益,六维达康水站项目（需求池完善副本）,,用户端,一期,一期重要,可按时间查看消费记录和订单状态,REQ-008,订单流水模型,,设备技术方案,30天MVP,骨架,后端,后端数据库,MVP 先查 mock 订单、命令、ACK、审计日志,MVP 只做模型、页面或字段骨架，真实业务闭环需二次评审。,订单状态机、后台看板,MVP 先查 mock 订单、命令、ACK、审计日志,"R16,R23",可直接执行,"按 R16,R23 拆成本地任务；优先产出 mock/模拟闭环所需的文档、接口、页面、模型、测试或验收证据。",water-station/apps/miniprogram/；water-station/docs/requirements/,用本地文档、接口/页面行为、测试或手工验收记录证明；核心链路需留下订单-命令-ACK-审计日志证据。,无新增人工确认；按 30 天 MVP mock/模拟闭环执行，真实外部能力不进入本轮。
10,一卡多人授权,家庭或企业用户一张水卡授权多人使用,来源：六维达康项目资料；需求编号：REQ-009,,六维达康水站项目（需求池完善副本）,P1,客户反馈,收集需求,,,建群,,,用户登录、扫码取水与水卡权益,六维达康水站项目（需求池完善副本）,,用户端,一期,一期重要,可添加/移除授权成员，消费计入同一水卡,REQ-009,水卡授权规则,,会议确认,骨架方案,骨架,产品,飞书协作,补无卡多人授权、额度、有效期、撤销、手机号脱敏,MVP 只做模型、页面或字段骨架，真实业务闭环需二次评审。,会议需求、授权管理,补无卡多人授权、额度、有效期、撤销、手机号脱敏,"R18,R19",可直接执行,"按 R18,R19 拆成本地任务；优先产出 mock/模拟闭环所需的文档、接口、页面、模型、测试或验收证据。",water-station/apps/miniprogram/；water-station/docs/requirements/,用本地文档、接口/页面行为、测试或手工验收记录证明；核心链路需留下订单-命令-ACK-审计日志证据。,无新增人工确认；按 30 天 MVP mock/模拟闭环执行，真实外部能力不进入本轮。
11,收水地址和收货地址分离,分别维护水配送地址和后续商城收货地址,来源：六维达康项目资料；需求编号：REQ-010,,六维达康水站项目（需求池完善副本）,P1,客户反馈,收集需求,,,建群,,,用户登录、扫码取水与水卡权益,六维达康水站项目（需求池完善副本）,,用户端,一期,一期重要,一期水配送使用收水地址，商城地址仅预留,REQ-010,地址字段规则,,正式PRD,骨架方案,否,产品,人工运营,补水配送地址与商城地址分离，商城地址后置,无新增阻塞；按补充验收执行。,地址分离管理,补水配送地址与商城地址分离，商城地址后置,无,需人工确认,先确认业务口径和验收边界；确认前只做模型、页面、字段或文档骨架。,water-station/apps/miniprogram/；water-station/docs/requirements/,人工确认后补充验收用例；当前检查骨架是否与 30 天 MVP 主链路冲突。,需人工确认业务口径、验收边界和是否进入本期。
12,一期水配送下单,用户选择即时、定时或自动补货方式下水配送订单,来源：六维达康项目资料；需求编号：REQ-011,,六维达康水站项目（需求池完善副本）,P0,客户反馈,收集需求,,,建群,,,用户登录、扫码取水与水卡权益,六维达康水站项目（需求池完善副本）,,用户端,一期,一期必需,可创建水配送订单，水费和配送费分离展示,REQ-011,配送规则、配送范围、配送费,,仓库MVP,骨架方案,骨架,配送,飞书协作,补即时/定时/用户配置自动补货，非 AI 预测,MVP 只做模型、页面或字段骨架，真实业务闭环需二次评审。,配送方案、MVP PRD,补即时/定时/用户配置自动补货，非 AI 预测,R20,可直接执行,按 R20 拆成本地任务；优先产出 mock/模拟闭环所需的文档、接口、页面、模型、测试或验收证据。,water-station/apps/miniprogram/；water-station/docs/requirements/,用本地文档、接口/页面行为、测试或手工验收记录证明；核心链路需留下订单-命令-ACK-审计日志证据。,无新增人工确认；按 30 天 MVP mock/模拟闭环执行，真实外部能力不进入本轮。
13,机主经营看板,机主查看设备经营数据、收益和消费流水,来源：六维达康项目资料；需求编号：REQ-012,,六维达康水站项目（需求池完善副本）,P1,客户反馈,收集需求,,,建群,,,后台管理、权限日志与经营看板,六维达康水站项目（需求池完善副本）,,机主端,一期,一期重要,可查看设备状态、收益统计、消费流水,REQ-012,订单、分账、设备数据,,正式PRD,商业一期,否,后台,后端数据库,补一期不开放高风险远程控制，收益先占位,无新增阻塞；按补充验收执行。,机主端方案,补一期不开放高风险远程控制，收益先占位,无,外部阻塞,等待外部资料、资质、协议或财务规则到位；当前只沉淀接口、字段、风险和验收清单。,water-station/docs/requirements/；water-station/docs/planning/,外部资料到位后通过联调、验签、对账、设备回执或人工验收证明；当前不作为 MVP 完成条件。,需人工确认业务口径、验收边界和是否进入本期。
14,设备状态监控,机主查看设备在线、故障、出水中、维护中等状态,来源：六维达康项目资料；需求编号：REQ-013,,六维达康水站项目（需求池完善副本）,P0,客户反馈,收集需求,,,建群,,,后台管理、权限日志与经营看板,六维达康水站项目（需求池完善副本）,,机主端,一期,一期必需,设备状态可实时或准实时展示，故障可提示,REQ-013,心跳、状态上报、故障码,,仓库MVP,30天MVP,是,设备,甲方设备,补在线/离线/故障/维护/出水中状态与下单阻断,无新增阻塞；按补充验收执行。,设备终端管理、MVP 设备模型,补在线/离线/故障/维护/出水中状态与下单阻断,"R15,R26",可直接执行,"按 R15,R26 拆成本地任务；优先产出 mock/模拟闭环所需的文档、接口、页面、模型、测试或验收证据。",water-station/docs/requirements/；water-station/docs/planning/,用本地文档、接口/页面行为、测试或手工验收记录证明；核心链路需留下订单-命令-ACK-审计日志证据。,无新增人工确认；按 30 天 MVP mock/模拟闭环执行，真实外部能力不进入本轮。
15,报修售后与配件申请,机主提交设备报修或配件申请,来源：六维达康项目资料；需求编号：REQ-014,,六维达康水站项目（需求池完善副本）,P1,客户反馈,收集需求,,,建群,,,后台管理、权限日志与经营看板,六维达康水站项目（需求池完善副本）,,机主端,一期,一期重要,可创建报修单，后台可处理,REQ-014,故障分类、报修流程,,正式PRD,商业一期,否,运维,飞书协作,补告警、报修、SIM、滤芯字段，MVP 只做模型占位,无新增阻塞；按补充验收执行。,运维告警报修售后,补告警、报修、SIM、滤芯字段，MVP 只做模型占位,R26,可直接执行,按 R26 拆成本地任务；优先产出 mock/模拟闭环所需的文档、接口、页面、模型、测试或验收证据。,water-station/docs/requirements/；water-station/docs/planning/,用本地文档、接口/页面行为、测试或手工验收记录证明；核心链路需留下订单-命令-ACK-审计日志证据。,无新增人工确认；按 30 天 MVP mock/模拟闭环执行，真实外部能力不进入本轮。
16,水配送接单与配送,配送员接收水订单并完成配送,来源：六维达康项目资料；需求编号：REQ-015,,六维达康水站项目（需求池完善副本）,P0,客户反馈,收集需求,,,建群,,,一期水配送、拍照签收与申诉,六维达康水站项目（需求池完善副本）,,配送端,一期,一期必需,配送员可接单、更新配送状态,REQ-015,配送员账号、配送范围、订单规则,,正式PRD,骨架方案,骨架,配送,甲方设备,配送骨架需满足三照、GPS、时间戳、24 小时申诉；配送员不得扣水卡、改价格、改设备状态。,MVP 只做模型、页面或字段骨架，真实业务闭环需二次评审。,配送端方案,补配送员只能处理履约，不得扣水卡、改价格、改设备,R21,可直接执行,按 R21 拆成本地任务；优先产出 mock/模拟闭环所需的文档、接口、页面、模型、测试或验收证据。,water-station/apps/miniprogram/；water-station/services/api/；water-station/docs/ops/,用本地文档、接口/页面行为、测试或手工验收记录证明；核心链路需留下订单-命令-ACK-审计日志证据。,无新增人工确认；按 30 天 MVP mock/模拟闭环执行，真实外部能力不进入本轮。
17,拍照签收,配送员拍照签收以证明已送达,来源：六维达康项目资料；需求编号：REQ-016,,六维达康水站项目（需求池完善副本）,P0,客户反馈,收集需求,,,建群,,,一期水配送、拍照签收与申诉,六维达康水站项目（需求池完善副本）,,配送端,一期,一期必需,支持上传签收照片，后台和用户可查看,REQ-016,图片存储、照片规范,,会议确认,骨架方案,骨架,配送,飞书协作,配送骨架需满足三照、GPS、时间戳、24 小时申诉；配送员不得扣水卡、改价格、改设备状态。,MVP 只做模型、页面或字段骨架，真实业务闭环需二次评审。,会议确认、三照签收,补门牌/水量/环境三照、GPS、时间戳、缺一不可,R22,可直接执行,按 R22 拆成本地任务；优先产出 mock/模拟闭环所需的文档、接口、页面、模型、测试或验收证据。,water-station/apps/miniprogram/；water-station/services/api/；water-station/docs/ops/,用本地文档、接口/页面行为、测试或手工验收记录证明；核心链路需留下订单-命令-ACK-审计日志证据。,无新增人工确认；按 30 天 MVP mock/模拟闭环执行，真实外部能力不进入本轮。
18,用户 24 小时申诉,用户在签收后限定时间内对配送异常申诉,来源：六维达康项目资料；需求编号：REQ-017,,六维达康水站项目（需求池完善副本）,P1,客户反馈,收集需求,,,建群,,,一期水配送、拍照签收与申诉,六维达康水站项目（需求池完善副本）,,配送端,一期,一期重要,24 小时内可申诉，后台可处理,REQ-017,申诉规则、客服处理流程,,正式PRD,骨架方案,骨架,配送,飞书协作,配送骨架需满足三照、GPS、时间戳、24 小时申诉；配送员不得扣水卡、改价格、改设备状态。,MVP 只做模型、页面或字段骨架，真实业务闭环需二次评审。,送水方案,补 24 小时申诉、通知、客服处理 SLA 待确认,R22,可直接执行,按 R22 拆成本地任务；优先产出 mock/模拟闭环所需的文档、接口、页面、模型、测试或验收证据。,water-station/apps/miniprogram/；water-station/services/api/；water-station/docs/ops/,用本地文档、接口/页面行为、测试或手工验收记录证明；核心链路需留下订单-命令-ACK-审计日志证据。,无新增人工确认；按 30 天 MVP mock/模拟闭环执行，真实外部能力不进入本轮。
19,用户管理,后台查看和管理用户、手机号、水卡、消费记录,来源：六维达康项目资料；需求编号：REQ-018,,六维达康水站项目（需求池完善副本）,P0,客户反馈,收集需求,,,建群,,,后台管理、权限日志与经营看板,六维达康水站项目（需求池完善副本）,,后台,一期,一期必需,后台可查询用户和关键账户信息,REQ-018,用户模型、权限模型,,正式PRD,30天MVP,骨架,后台,后端数据库,MVP 先 mock 用户和只读信息，真实权限二期加强,MVP 只做模型、页面或字段骨架，真实业务闭环需二次评审。,后台方案、权限边界,MVP 先 mock 用户和只读信息，真实权限二期加强,"R4,R23",可直接执行,"按 R4,R23 拆成本地任务；优先产出 mock/模拟闭环所需的文档、接口、页面、模型、测试或验收证据。",water-station/apps/admin/；water-station/services/api/；water-station/docs/admin/,用本地文档、接口/页面行为、测试或手工验收记录证明；核心链路需留下订单-命令-ACK-审计日志证据。,无新增人工确认；按 30 天 MVP mock/模拟闭环执行，真实外部能力不进入本轮。
20,水站管理,后台管理水站基础信息、位置和归属,来源：六维达康项目资料；需求编号：REQ-019,,六维达康水站项目（需求池完善副本）,P0,客户反馈,收集需求,,,建群,,,后台管理、权限日志与经营看板,六维达康水站项目（需求池完善副本）,,后台,一期,一期必需,可新增/编辑水站，关联设备和机主,REQ-019,水站资料、位置资料,,正式PRD,30天MVP,是,后端,后端数据库,补 stationId、位置、状态、ownerId 占位,无新增阻塞；按补充验收执行。,领域模型、后台看板,补 stationId、位置、状态、ownerId 占位,"R4,R14,R23",可直接执行,"按 R4,R14,R23 拆成本地任务；优先产出 mock/模拟闭环所需的文档、接口、页面、模型、测试或验收证据。",water-station/apps/admin/；water-station/services/api/；water-station/docs/admin/,用本地文档、接口/页面行为、测试或手工验收记录证明；核心链路需留下订单-命令-ACK-审计日志证据。,无新增人工确认；按 30 天 MVP mock/模拟闭环执行，真实外部能力不进入本轮。
21,设备管理,后台管理设备编号、型号、状态、固件版本和绑定关系,来源：六维达康项目资料；需求编号：REQ-020,,六维达康水站项目（需求池完善副本）,P0,客户反馈,收集需求,,,建群,,,后台管理、权限日志与经营看板,六维达康水站项目（需求池完善副本）,,后台,一期,一期必需,可建档设备并查看状态、故障和指令记录,REQ-020,设备资料、协议字段,,设备技术方案,30天MVP,是,设备,甲方设备,补 deviceId、deviceCode、status、heartbeat、TDS、滤芯,无新增阻塞；按补充验收执行。,领域模型、设备管理,补 deviceId、deviceCode、status、heartbeat、TDS、滤芯,"R4,R10,R23",可直接执行,"按 R4,R10,R23 拆成本地任务；优先产出 mock/模拟闭环所需的文档、接口、页面、模型、测试或验收证据。",water-station/apps/admin/；water-station/services/api/；water-station/docs/admin/,用本地文档、接口/页面行为、测试或手工验收记录证明；核心链路需留下订单-命令-ACK-审计日志证据。,无新增人工确认；按 30 天 MVP mock/模拟闭环执行，真实外部能力不进入本轮。
22,水种、价格、套餐配置,运营配置水种、价格和水卡套餐,来源：六维达康项目资料；需求编号：REQ-021,,六维达康水站项目（需求池完善副本）,P0,客户反馈,收集需求,,,建群,,,后台管理、权限日志与经营看板,六维达康水站项目（需求池完善副本）,,后台,一期,一期必需,后台配置后前端价格和权益计算正确,REQ-021,8 种水定义、价格体系、套餐规则,,正式PRD,骨架方案,骨架,后台,后端数据库,补价格快照、消费系数、组合复杂度风险,MVP 只做模型、页面或字段骨架，真实业务闭环需二次评审。,多品类水、差异化定价,补价格快照、消费系数、组合复杂度风险,R17,可直接执行,按 R17 拆成本地任务；优先产出 mock/模拟闭环所需的文档、接口、页面、模型、测试或验收证据。,water-station/apps/admin/；water-station/services/api/；water-station/docs/admin/,用本地文档、接口/页面行为、测试或手工验收记录证明；核心链路需留下订单-命令-ACK-审计日志证据。,无新增人工确认；按 30 天 MVP mock/模拟闭环执行，真实外部能力不进入本轮。
23,订单管理,后台查询取水订单、充值订单、水配送订单和异常订单,来源：六维达康项目资料；需求编号：REQ-022,,六维达康水站项目（需求池完善副本）,P0,客户反馈,收集需求,,,建群,,,"后台管理、权限日志与经营看板,订单流水、异常补偿与后台追溯",六维达康水站项目（需求池完善副本）,,后台,一期,一期必需,订单可按状态查询，异常可追溯,REQ-022,订单模型、支付状态、设备回执,,设备技术方案,30天MVP,是,后端,后端数据库,补 created/command_pending/completed/failed/timeout_failed,无新增阻塞；按补充验收执行。,状态机、验收清单,补 created/command_pending/completed/failed/timeout_failed,"R3,R5,R6,R16,R23",可直接执行,"按 R3,R5,R6,R16,R23 拆成本地任务；优先产出 mock/模拟闭环所需的文档、接口、页面、模型、测试或验收证据。",water-station/apps/admin/；water-station/services/api/；water-station/docs/admin/,用本地文档、接口/页面行为、测试或手工验收记录证明；核心链路需留下订单-命令-ACK-审计日志证据。,无新增人工确认；按 30 天 MVP mock/模拟闭环执行，真实外部能力不进入本轮。
24,财务流水与对账,财务/运营查看支付、退款、消费、分账流水,来源：六维达康项目资料；需求编号：REQ-023,,六维达康水站项目（需求池完善副本）,P0,客户反馈,收集需求,,,建群,,,"后台管理、权限日志与经营看板,订单流水、异常补偿与后台追溯",六维达康水站项目（需求池完善副本）,,后台,一期,一期必需,支付、退款、消费、分账流水可追溯,REQ-023,微信支付、退款、分账、订单流水,,正式PRD,商业一期,否,支付财务,微信支付,补永久流水、退款审批、每日对账，MVP 不真实扣款,无新增阻塞；按补充验收执行。,三账户、支付分账,补永久流水、退款审批、每日对账，MVP 不真实扣款,R24,可直接执行,按 R24 拆成本地任务；优先产出 mock/模拟闭环所需的文档、接口、页面、模型、测试或验收证据。,water-station/apps/admin/；water-station/services/api/；water-station/docs/admin/,用本地文档、接口/页面行为、测试或手工验收记录证明；核心链路需留下订单-命令-ACK-审计日志证据。,无新增人工确认；按 30 天 MVP mock/模拟闭环执行，真实外部能力不进入本轮。
25,操作日志和权限,记录后台操作并按角色控制高风险操作,来源：六维达康项目资料；需求编号：REQ-024,,六维达康水站项目（需求池完善副本）,P0,客户反馈,收集需求,,,建群,,,后台管理、权限日志与经营看板,六维达康水站项目（需求池完善副本）,,后台,一期,一期必需,高风险操作有权限控制和日志,REQ-024,权限模型,,正式PRD,30天MVP,是,后端,后端数据库,补订单/命令/ACK 状态变化必写 AuditLog,无新增阻塞；按补充验收执行。,审计日志规则,补订单/命令/ACK 状态变化必写 AuditLog,"R4,R9,R32",可直接执行,"按 R4,R9,R32 拆成本地任务；优先产出 mock/模拟闭环所需的文档、接口、页面、模型、测试或验收证据。",water-station/apps/admin/；water-station/services/api/；water-station/docs/admin/,用本地文档、接口/页面行为、测试或手工验收记录证明；核心链路需留下订单-命令-ACK-审计日志证据。,无新增人工确认；按 30 天 MVP mock/模拟闭环执行，真实外部能力不进入本轮。
26,设备唯一编号和基础档案,平台用唯一编号识别设备并绑定业务信息,来源：六维达康项目资料；需求编号：REQ-025,,六维达康水站项目（需求池完善副本）,P0,客户反馈,收集需求,,,建群,,,"设备档案、水站档案与二维码识别,硬件接口确认与联调资源准备",六维达康水站项目（需求池完善副本）,,设备接入,一期,一期必需,设备编号全局唯一，可绑定水站/出水口,REQ-025,设备编号规则、设备资料,,设备技术方案,30天MVP,是,设备,甲方设备,补唯一设备 ID、二维码规则、绑定水站/出水口,无新增阻塞；按补充验收执行。,设备厂对接清单,补唯一设备 ID、二维码规则、绑定水站/出水口,"R7,R27",可直接执行,"按 R7,R27 拆成本地任务；优先产出 mock/模拟闭环所需的文档、接口、页面、模型、测试或验收证据。",water-station/services/iot/；water-station/services/api/；water-station/docs/iot/,用本地文档、接口/页面行为、测试或手工验收记录证明；核心链路需留下订单-命令-ACK-审计日志证据。,无新增人工确认；按 30 天 MVP mock/模拟闭环执行，真实外部能力不进入本轮。
27,通信协议接入,平台按照硬件协议接入设备通信,来源：六维达康项目资料；需求编号：REQ-026,,六维达康水站项目（需求池完善副本）,P0,客户反馈,收集需求,,,建群,,,"设备通信协议、心跳状态与故障码,硬件接口确认与联调资源准备",六维达康水站项目（需求池完善副本）,,设备接入,一期,一期必需,测试设备可连接测试环境并认证通过,REQ-026,HTTP/MQTT/TCP 协议、认证、加密,,设备技术方案,商业一期,否,设备,甲方设备,真实设备接入前需拿到协议、样机、topic、命令、ACK、故障码、心跳、去重规则；MVP 先用模拟器验收。,阻塞：设备厂协议、样机、broker/topic/cert、命令与 ACK 语义未确认。,设备厂对接清单,补 MQTT/HTTP/TCP 待确认、broker/cert/topic 阻塞,R27,可直接执行,按 R27 拆成本地任务；优先产出 mock/模拟闭环所需的文档、接口、页面、模型、测试或验收证据。,water-station/services/iot/；water-station/services/api/；water-station/docs/iot/,用本地文档、接口/页面行为、测试或手工验收记录证明；核心链路需留下订单-命令-ACK-审计日志证据。,无新增人工确认；按 30 天 MVP mock/模拟闭环执行，真实外部能力不进入本轮。
28,MQTT/消息主题规则,定义心跳、状态、遥测、指令、回执等主题,来源：六维达康项目资料；需求编号：REQ-027,,六维达康水站项目（需求池完善副本）,P0,客户反馈,收集需求,,,建群,,,"设备通信协议、心跳状态与故障码,硬件接口确认与联调资源准备",六维达康水站项目（需求池完善副本）,,设备接入,一期,一期必需,设备消息可按主题正确路由和追踪,REQ-027,Broker、主题、QoS、保活,,设备技术方案,商业一期,否,设备,甲方设备,真实设备接入前需拿到协议、样机、topic、命令、ACK、故障码、心跳、去重规则；MVP 先用模拟器验收。,阻塞：设备厂协议、样机、broker/topic/cert、命令与 ACK 语义未确认。,设备协议草案,补 topic、QoS、保活、重传、去重；MVP 先 HTTP/mock,R28,可直接执行,按 R28 拆成本地任务；优先产出 mock/模拟闭环所需的文档、接口、页面、模型、测试或验收证据。,water-station/services/iot/；water-station/services/api/；water-station/docs/iot/,用本地文档、接口/页面行为、测试或手工验收记录证明；核心链路需留下订单-命令-ACK-审计日志证据。,无新增人工确认；按 30 天 MVP mock/模拟闭环执行，真实外部能力不进入本轮。
29,设备心跳和在线状态,根据心跳判断设备在线/离线,来源：六维达康项目资料；需求编号：REQ-028,,六维达康水站项目（需求池完善副本）,P0,客户反馈,收集需求,,,建群,,,"设备通信协议、心跳状态与故障码,硬件接口确认与联调资源准备",六维达康水站项目（需求池完善副本）,,设备接入,一期,一期必需,设备离线可阻断下单并告警,REQ-028,心跳周期、离线判定规则,,仓库MVP,30天MVP,是,设备,甲方设备,真实设备接入前需拿到协议、样机、topic、命令、ACK、故障码、心跳、去重规则；MVP 先用模拟器验收。,无新增阻塞；按补充验收执行。,MVP 设备模型,补离线阈值、lastHeartbeatAt、下单阻断,R28,可直接执行,按 R28 拆成本地任务；优先产出 mock/模拟闭环所需的文档、接口、页面、模型、测试或验收证据。,water-station/services/iot/；water-station/services/api/；water-station/docs/iot/,用本地文档、接口/页面行为、测试或手工验收记录证明；核心链路需留下订单-命令-ACK-审计日志证据。,无新增人工确认；按 30 天 MVP mock/模拟闭环执行，真实外部能力不进入本轮。
30,设备运行状态上报,平台知道设备空闲、出水中、故障、维护中等状态,来源：六维达康项目资料；需求编号：REQ-029,,六维达康水站项目（需求池完善副本）,P0,客户反馈,收集需求,,,建群,,,"设备通信协议、心跳状态与故障码,硬件接口确认与联调资源准备",六维达康水站项目（需求池完善副本）,,设备接入,一期,一期必需,扫码前可判断设备是否可用,REQ-029,状态字段、枚举定义,,设备技术方案,30天MVP,是,设备,甲方设备,真实设备接入前需拿到协议、样机、topic、命令、ACK、故障码、心跳、去重规则；MVP 先用模拟器验收。,无新增阻塞；按补充验收执行。,设备状态字段,补 online/offline/fault/maintenance/dispensing,"R15,R26",可直接执行,"按 R15,R26 拆成本地任务；优先产出 mock/模拟闭环所需的文档、接口、页面、模型、测试或验收证据。",water-station/services/iot/；water-station/services/api/；water-station/docs/iot/,用本地文档、接口/页面行为、测试或手工验收记录证明；核心链路需留下订单-命令-ACK-审计日志证据。,无新增人工确认；按 30 天 MVP mock/模拟闭环执行，真实外部能力不进入本轮。
31,平台下发开始出水指令,平台向设备下发开始出水指令，携带订单、设备、出水口、水种和计划水量,来源：六维达康项目资料；需求编号：REQ-030,,六维达康水站项目（需求池完善副本）,P0,客户反馈,收集需求,,,建群,,,出水指令、指令回执与实际水量,六维达康水站项目（需求池完善副本）,,出水控制,一期,一期必需,真实样机收到指令并开始出水,REQ-030,开始出水指令集、设备样机,,设备技术方案,30天MVP,是,后端,后端数据库,MVP 验收需覆盖成功 ACK、失败 ACK、超时、重复 ACK、错设备 ACK，并能在后台追溯订单到命令、ACK、审计日志。,无新增阻塞；按补充验收执行。,ACK 合同、状态机,MVP 为模拟 dispense command，真实开阀后置,"R8,R29",可直接执行,"按 R8,R29 拆成本地任务；优先产出 mock/模拟闭环所需的文档、接口、页面、模型、测试或验收证据。",water-station/services/iot/；water-station/services/api/；water-station/docs/iot/,用本地文档、接口/页面行为、测试或手工验收记录证明；核心链路需留下订单-命令-ACK-审计日志证据。,无新增人工确认；按 30 天 MVP mock/模拟闭环执行，真实外部能力不进入本轮。
32,平台下发停止出水指令,异常或用户取消时远程停止出水,来源：六维达康项目资料；需求编号：REQ-031,,六维达康水站项目（需求池完善副本）,P0,客户反馈,收集需求,,,建群,,,出水指令、指令回执与实际水量,六维达康水站项目（需求池完善副本）,,出水控制,一期,一期必需,设备收到停止指令后停止出水,REQ-031,停止出水指令、安全机制,,设备技术方案,商业一期,否,设备,甲方设备,真实设备接入前需拿到协议、样机、topic、命令、ACK、故障码、心跳、去重规则；MVP 先用模拟器验收。,阻塞：设备厂协议、样机、broker/topic/cert、命令与 ACK 语义未确认。,设备控制清单,补高风险远程停机/停止出水需要样机和协议确认,R29,可直接执行,按 R29 拆成本地任务；优先产出 mock/模拟闭环所需的文档、接口、页面、模型、测试或验收证据。,water-station/services/iot/；water-station/services/api/；water-station/docs/iot/,用本地文档、接口/页面行为、测试或手工验收记录证明；核心链路需留下订单-命令-ACK-审计日志证据。,无新增人工确认；按 30 天 MVP mock/模拟闭环执行，真实外部能力不进入本轮。
33,指令接收回执,平台知道设备是否收到指令,来源：六维达康项目资料；需求编号：REQ-032,,六维达康水站项目（需求池完善副本）,P0,客户反馈,收集需求,,,建群,,,出水指令、指令回执与实际水量,六维达康水站项目（需求池完善副本）,,出水控制,一期,一期必需,指令接收/拒绝/设备忙/失败可回传,REQ-032,回执协议、指令编号,,设备技术方案,30天MVP,是,后端,后端数据库,MVP 验收需覆盖成功 ACK、失败 ACK、超时、重复 ACK、错设备 ACK，并能在后台追溯订单到命令、ACK、审计日志。,无新增阻塞；按补充验收执行。,ACK 合同,补 accepted/rejected、commandId、messageId、鉴权,"R8,R29",可直接执行,"按 R8,R29 拆成本地任务；优先产出 mock/模拟闭环所需的文档、接口、页面、模型、测试或验收证据。",water-station/services/iot/；water-station/services/api/；water-station/docs/iot/,用本地文档、接口/页面行为、测试或手工验收记录证明；核心链路需留下订单-命令-ACK-审计日志证据。,无新增人工确认；按 30 天 MVP mock/模拟闭环执行，真实外部能力不进入本轮。
34,指令执行结果,平台知道设备执行是否成功、失败、超时或部分完成,来源：六维达康项目资料；需求编号：REQ-033,,六维达康水站项目（需求池完善副本）,P0,客户反馈,收集需求,,,建群,,,出水指令、指令回执与实际水量,六维达康水站项目（需求池完善副本）,,出水控制,一期,一期必需,订单状态可根据执行结果闭环,REQ-033,执行结果字段,,设备技术方案,30天MVP,是,后端,后端数据库,MVP 验收需覆盖成功 ACK、失败 ACK、超时、重复 ACK、错设备 ACK，并能在后台追溯订单到命令、ACK、审计日志。,无新增阻塞；按补充验收执行。,状态机,补 success/failed，timeout 由后端 worker 判定,"R5,R8,R29",可直接执行,"按 R5,R8,R29 拆成本地任务；优先产出 mock/模拟闭环所需的文档、接口、页面、模型、测试或验收证据。",water-station/services/iot/；water-station/services/api/；water-station/docs/iot/,用本地文档、接口/页面行为、测试或手工验收记录证明；核心链路需留下订单-命令-ACK-审计日志证据。,无新增人工确认；按 30 天 MVP mock/模拟闭环执行，真实外部能力不进入本轮。
35,实际出水量回传,获取实际出水量用于结算、对账和异常补偿,来源：六维达康项目资料；需求编号：REQ-034,,六维达康水站项目（需求池完善副本）,P0,客户反馈,收集需求,,,建群,,,出水指令、指令回执与实际水量,六维达康水站项目（需求池完善副本）,,出水控制,一期,一期必需,实际水量可关联订单和指令,REQ-034,流量计、实际水量字段、单位精度,,设备技术方案,30天MVP,是,设备,甲方设备,MVP 验收需覆盖成功 ACK、失败 ACK、超时、重复 ACK、错设备 ACK，并能在后台追溯订单到命令、ACK、审计日志。,无新增阻塞；按补充验收执行。,DeviceAck 模型,补 actualVolumeMl、单位毫升、真实流量计精度待确认,"R8,R29",可直接执行,"按 R8,R29 拆成本地任务；优先产出 mock/模拟闭环所需的文档、接口、页面、模型、测试或验收证据。",water-station/services/iot/；water-station/services/api/；water-station/docs/iot/,用本地文档、接口/页面行为、测试或手工验收记录证明；核心链路需留下订单-命令-ACK-审计日志证据。,无新增人工确认；按 30 天 MVP mock/模拟闭环执行，真实外部能力不进入本轮。
36,出水不足/超量异常,识别实际水量低于或高于计划水量的异常,来源：六维达康项目资料；需求编号：REQ-035,,六维达康水站项目（需求池完善副本）,P0,客户反馈,收集需求,,,建群,,,"出水指令、指令回执与实际水量,订单流水、异常补偿与后台追溯",六维达康水站项目（需求池完善副本）,,出水控制,一期,一期必需,出水不足/超量进入异常订单或告警,REQ-035,实际水量、阈值规则,,正式PRD,商业一期,骨架,设备,甲方设备,MVP 只做失败/超时；真实补偿需支付和设备数据,MVP 只做模型、页面或字段骨架，真实业务闭环需二次评审。,出水控制、异常补偿,MVP 只做失败/超时；真实补偿需支付和设备数据,R29,可直接执行,按 R29 拆成本地任务；优先产出 mock/模拟闭环所需的文档、接口、页面、模型、测试或验收证据。,water-station/services/iot/；water-station/services/api/；water-station/docs/iot/,用本地文档、接口/页面行为、测试或手工验收记录证明；核心链路需留下订单-命令-ACK-审计日志证据。,无新增人工确认；按 30 天 MVP mock/模拟闭环执行，真实外部能力不进入本轮。
37,故障码字典,硬件提供故障码、含义、等级和处理建议,来源：六维达康项目资料；需求编号：REQ-036,,六维达康水站项目（需求池完善副本）,P0,客户反馈,收集需求,,,建群,,,"设备通信协议、心跳状态与故障码,硬件接口确认与联调资源准备",六维达康水站项目（需求池完善副本）,,设备异常,一期,一期必需,故障可转成用户提示、后台告警和是否允许下单,REQ-036,故障码清单,,设备技术方案,商业一期,骨架,设备,甲方设备,真实设备接入前需拿到协议、样机、topic、命令、ACK、故障码、心跳、去重规则；MVP 先用模拟器验收。,阻塞：设备厂协议、样机、broker/topic/cert、命令与 ACK 语义未确认。,设备厂清单,补 fault code、等级、用户提示、是否允许下单,R27,可直接执行,按 R27 拆成本地任务；优先产出 mock/模拟闭环所需的文档、接口、页面、模型、测试或验收证据。,water-station/services/iot/；water-station/services/api/；water-station/docs/iot/,用本地文档、接口/页面行为、测试或手工验收记录证明；核心链路需留下订单-命令-ACK-审计日志证据。,无新增人工确认；按 30 天 MVP mock/模拟闭环执行，真实外部能力不进入本轮。
38,故障阻断下单,严重故障时阻断用户取水,来源：六维达康项目资料；需求编号：REQ-037,,六维达康水站项目（需求池完善副本）,P0,客户反馈,收集需求,,,建群,,,"设备通信协议、心跳状态与故障码,硬件接口确认与联调资源准备",六维达康水站项目（需求池完善副本）,,设备异常,一期,一期必需,故障设备扫码时不可下单或提示不可用,REQ-037,故障等级、是否停机、是否允许下单,,正式PRD,30天MVP,是,后端,后端数据库,MVP 验收需覆盖成功 ACK、失败 ACK、超时、重复 ACK、错设备 ACK，并能在后台追溯订单到命令、ACK、审计日志。,无新增阻塞；按补充验收执行。,测试用例,补 DEVICE_FAULT、DEVICE_OFFLINE、DEVICE_BUSY,"R8,R15",可直接执行,"按 R8,R15 拆成本地任务；优先产出 mock/模拟闭环所需的文档、接口、页面、模型、测试或验收证据。",water-station/services/iot/；water-station/services/api/；water-station/docs/iot/,用本地文档、接口/页面行为、测试或手工验收记录证明；核心链路需留下订单-命令-ACK-审计日志证据。,无新增人工确认；按 30 天 MVP mock/模拟闭环执行，真实外部能力不进入本轮。
39,TDS 与水质展示,用户/运营方查看设备 TDS、水温、水箱等水质信息,来源：六维达康项目资料；需求编号：REQ-038,,六维达康水站项目（需求池完善副本）,P1,客户反馈,收集需求,,,建群,,,"设备通信协议、心跳状态与故障码,硬件接口确认与联调资源准备",六维达康水站项目（需求池完善副本）,,运维能力,一期,一期重要,能展示实时或最近水质数据；不支持则降级,REQ-038,TDS、水温、水箱字段,,设备技术方案,骨架方案,骨架,设备,甲方设备,补若硬件不支持则降级显示最近值或隐藏,MVP 只做模型、页面或字段骨架，真实业务闭环需二次评审。,设备状态字段,补若硬件不支持则降级显示最近值或隐藏,R26,可直接执行,按 R26 拆成本地任务；优先产出 mock/模拟闭环所需的文档、接口、页面、模型、测试或验收证据。,water-station/docs/requirements/；water-station/docs/planning/,用本地文档、接口/页面行为、测试或手工验收记录证明；核心链路需留下订单-命令-ACK-审计日志证据。,无新增人工确认；按 30 天 MVP mock/模拟闭环执行，真实外部能力不进入本轮。
40,滤芯寿命和状态,运营方跟踪滤芯寿命和状态，提醒换芯,来源：六维达康项目资料；需求编号：REQ-039,,六维达康水站项目（需求池完善副本）,P1,客户反馈,收集需求,,,建群,,,"设备通信协议、心跳状态与故障码,硬件接口确认与联调资源准备",六维达康水站项目（需求池完善副本）,,运维能力,一期,一期重要,可查看滤芯状态并生成提醒,REQ-039,滤芯状态/寿命字段,,正式PRD,骨架方案,骨架,运维,飞书协作,补 filterLifePercent、换芯提醒，真实运维后置,MVP 只做模型、页面或字段骨架，真实业务闭环需二次评审。,运维方案,补 filterLifePercent、换芯提醒，真实运维后置,R26,可直接执行,按 R26 拆成本地任务；优先产出 mock/模拟闭环所需的文档、接口、页面、模型、测试或验收证据。,water-station/docs/requirements/；water-station/docs/planning/,用本地文档、接口/页面行为、测试或手工验收记录证明；核心链路需留下订单-命令-ACK-审计日志证据。,无新增人工确认；按 30 天 MVP mock/模拟闭环执行，真实外部能力不进入本轮。
41,SIM 联网信息,运营方管理 SIM ICCID、运营商、信号强度等联网信息,来源：六维达康项目资料；需求编号：REQ-040,,六维达康水站项目（需求池完善副本）,P1,客户反馈,收集需求,,,建群,,,"设备通信协议、心跳状态与故障码,硬件接口确认与联调资源准备",六维达康水站项目（需求池完善副本）,,运维能力,一期,一期重要,后台可辅助排查设备离线,REQ-040,SIM 字段、运营商资料,,设备技术方案,商业一期,否,运维,飞书协作,补 ICCID、运营商、信号、激活、欠费阻塞,阻塞：设备厂协议、样机、broker/topic/cert、命令与 ACK 语义未确认。,设备厂清单,补 ICCID、运营商、信号、激活、欠费阻塞,R26,可直接执行,按 R26 拆成本地任务；优先产出 mock/模拟闭环所需的文档、接口、页面、模型、测试或验收证据。,water-station/docs/requirements/；water-station/docs/planning/,用本地文档、接口/页面行为、测试或手工验收记录证明；核心链路需留下订单-命令-ACK-审计日志证据。,无新增人工确认；按 30 天 MVP mock/模拟闭环执行，真实外部能力不进入本轮。
42,断网补传和消息去重,处理设备断网期间的状态、结果和故障补传，避免重复订单或重复出水,来源：六维达康项目资料；需求编号：REQ-041,,六维达康水站项目（需求池完善副本）,P1,客户反馈,收集需求,,,建群,,,"设备通信协议、心跳状态与故障码,硬件接口确认与联调资源准备",六维达康水站项目（需求池完善副本）,,断网一致性,一期,一期重要,恢复联网后数据可去重和追溯,REQ-041,断网缓存、补传顺序、消息编号,,设备技术方案,商业一期,否,设备,后端数据库,真实设备接入前需拿到协议、样机、topic、命令、ACK、故障码、心跳、去重规则；MVP 先用模拟器验收。,阻塞：设备厂协议、样机、broker/topic/cert、命令与 ACK 语义未确认。,设备协议、ACK 幂等,补 messageId、idempotencyKey、迟到 ACK 只审计,"R8,R28",可直接执行,"按 R8,R28 拆成本地任务；优先产出 mock/模拟闭环所需的文档、接口、页面、模型、测试或验收证据。",water-station/services/iot/；water-station/services/api/；water-station/docs/iot/,用本地文档、接口/页面行为、测试或手工验收记录证明；核心链路需留下订单-命令-ACK-审计日志证据。,无新增人工确认；按 30 天 MVP mock/模拟闭环执行，真实外部能力不进入本轮。
43,微信小程序 JSAPI 支付,用户在小程序内完成微信支付,来源：六维达康项目资料；需求编号：REQ-042,,六维达康水站项目（需求池完善副本）,P0,客户反馈,收集需求,,,建群,,,微信支付、退款与分账闭环,六维达康水站项目（需求池完善副本）,,支付,一期,一期必需,可发起支付并收到成功回调,REQ-042,小程序 AppID、商户号、openid,,执行计划,商业一期,否,支付财务,微信支付,真实支付、退款、分账前必须完成商户号、证书、回调、验签、幂等、对账和审批规则评审；30 天 MVP 不真实扣款。,阻塞：微信商户号、证书、回调域名、退款权限、分账接收方和财务规则未确认。,支付执行计划,补商户号、AppID、证书、回调域名，MVP 不接,R30,可直接执行,按 R30 拆成本地任务；优先产出 mock/模拟闭环所需的文档、接口、页面、模型、测试或验收证据。,water-station/services/api/；water-station/docs/ops/；water-station/docs/requirements/,用本地文档、接口/页面行为、测试或手工验收记录证明；核心链路需留下订单-命令-ACK-审计日志证据。,无新增人工确认；按 30 天 MVP mock/模拟闭环执行，真实外部能力不进入本轮。
44,支付回调验签与幂等,可靠处理微信支付回调，避免重复到账,来源：六维达康项目资料；需求编号：REQ-043,,六维达康水站项目（需求池完善副本）,P0,客户反馈,收集需求,,,建群,,,微信支付、退款与分账闭环,六维达康水站项目（需求池完善副本）,,支付,一期,一期必需,回调验签成功，重复回调不重复入账,REQ-043,API v3 Key、证书、回调地址,,正式PRD,商业一期,否,支付财务,微信支付,真实支付、退款、分账前必须完成商户号、证书、回调、验签、幂等、对账和审批规则评审；30 天 MVP 不真实扣款。,阻塞：微信商户号、证书、回调域名、退款权限、分账接收方和财务规则未确认。,支付专项,补重复回调不重复入账、金额整数分、签名校验,"R30,R32",可直接执行,"按 R30,R32 拆成本地任务；优先产出 mock/模拟闭环所需的文档、接口、页面、模型、测试或验收证据。",water-station/services/api/；water-station/docs/ops/；water-station/docs/requirements/,用本地文档、接口/页面行为、测试或手工验收记录证明；核心链路需留下订单-命令-ACK-审计日志证据。,无新增人工确认；按 30 天 MVP mock/模拟闭环执行，真实外部能力不进入本轮。
45,退款和退款回调,对异常订单或用户取消进行退款并处理退款回调,来源：六维达康项目资料；需求编号：REQ-044,,六维达康水站项目（需求池完善副本）,P0,客户反馈,收集需求,,,建群,,,微信支付、退款与分账闭环,六维达康水站项目（需求池完善副本）,,支付,一期,一期必需,退款状态可追踪，退款回调幂等,REQ-044,退款权限、退款规则,,正式PRD,商业一期,否,支付财务,微信支付,真实支付、退款、分账前必须完成商户号、证书、回调、验签、幂等、对账和审批规则评审；30 天 MVP 不真实扣款。,阻塞：微信商户号、证书、回调域名、退款权限、分账接收方和财务规则未确认。,退款规则,补退款审批、逆向流转、幂等、对账,"R24,R30",可直接执行,"按 R24,R30 拆成本地任务；优先产出 mock/模拟闭环所需的文档、接口、页面、模型、测试或验收证据。",water-station/services/api/；water-station/docs/ops/；water-station/docs/requirements/,用本地文档、接口/页面行为、测试或手工验收记录证明；核心链路需留下订单-命令-ACK-审计日志证据。,无新增人工确认；按 30 天 MVP mock/模拟闭环执行，真实外部能力不进入本轮。
46,分账能力,将售水和配送收益按规则分账给机主、配送方或平台,来源：六维达康项目资料；需求编号：REQ-045,,六维达康水站项目（需求池完善副本）,P0,客户反馈,收集需求,,,建群,,,微信支付、退款与分账闭环,六维达康水站项目（需求池完善副本）,,支付,一期,一期必需,分账可发起、可查询、可对账,REQ-045,微信分账开通、接收方资料、比例规则,,正式PRD,商业一期,否,支付财务,微信支付,真实支付、退款、分账前必须完成商户号、证书、回调、验签、幂等、对账和审批规则评审；30 天 MVP 不真实扣款。,阻塞：微信商户号、证书、回调域名、退款权限、分账接收方和财务规则未确认。,四级分账,补售水/配送/广告分账分离，层级口径会议确认,R25,可直接执行,按 R25 拆成本地任务；优先产出 mock/模拟闭环所需的文档、接口、页面、模型、测试或验收证据。,water-station/services/api/；water-station/docs/ops/；water-station/docs/requirements/,用本地文档、接口/页面行为、测试或手工验收记录证明；核心链路需留下订单-命令-ACK-审计日志证据。,无新增人工确认；按 30 天 MVP mock/模拟闭环执行，真实外部能力不进入本轮。
47,售水分账,按设备/机主/平台规则分配售水收入,来源：六维达康项目资料；需求编号：REQ-046,,六维达康水站项目（需求池完善副本）,P0,客户反馈,收集需求,,,建群,,,微信支付、退款与分账闭环,六维达康水站项目（需求池完善副本）,,分账,一期,一期必需,售水订单可生成分账明细,REQ-046,分账比例、机主资料,,正式PRD,商业一期,否,支付财务,微信支付,真实支付、退款、分账前必须完成商户号、证书、回调、验签、幂等、对账和审批规则评审；30 天 MVP 不真实扣款。,阻塞：微信商户号、证书、回调域名、退款权限、分账接收方和财务规则未确认。,四级分账,补机主/平台/渠道比例、明细可追溯,R25,可直接执行,按 R25 拆成本地任务；优先产出 mock/模拟闭环所需的文档、接口、页面、模型、测试或验收证据。,water-station/services/api/；water-station/docs/ops/；water-station/docs/requirements/,用本地文档、接口/页面行为、测试或手工验收记录证明；核心链路需留下订单-命令-ACK-审计日志证据。,无新增人工确认；按 30 天 MVP mock/模拟闭环执行，真实外部能力不进入本轮。
48,配送分账,把配送费与水费分离并结算给配送相关方,来源：六维达康项目资料；需求编号：REQ-047,,六维达康水站项目（需求池完善副本）,P0,客户反馈,收集需求,,,建群,,,微信支付、退款与分账闭环,六维达康水站项目（需求池完善副本）,,分账,一期,一期必需,配送订单可单独计算配送费分账,REQ-047,配送费规则、配送员/配送方资料,,正式PRD,商业一期,否,支付财务,微信支付,真实支付、退款、分账前必须完成商户号、证书、回调、验签、幂等、对账和审批规则评审；30 天 MVP 不真实扣款。,阻塞：微信商户号、证书、回调域名、退款权限、分账接收方和财务规则未确认。,配送与水费分离,补水费与配送费分账分离、配送员不得直接扣费,R25,可直接执行,按 R25 拆成本地任务；优先产出 mock/模拟闭环所需的文档、接口、页面、模型、测试或验收证据。,water-station/services/api/；water-station/docs/ops/；water-station/docs/requirements/,用本地文档、接口/页面行为、测试或手工验收记录证明；核心链路需留下订单-命令-ACK-审计日志证据。,无新增人工确认；按 30 天 MVP mock/模拟闭环执行，真实外部能力不进入本轮。
49,测试样机和测试环境,真实样机连接测试环境完成联调,来源：六维达康项目资料；需求编号：REQ-048,,六维达康水站项目（需求池完善副本）,P0,客户反馈,收集需求,,,建群,,,"联调验收、问题修复与上线演示,硬件接口确认与联调资源准备",六维达康水站项目（需求池完善副本）,,联调验收,一期,一期必需,至少 1 台真实设备接入测试环境,REQ-048,测试样机、测试密钥、环境地址,,正式PRD,商业一期,否,设备,甲方设备,真实设备接入前需拿到协议、样机、topic、命令、ACK、故障码、心跳、去重规则；MVP 先用模拟器验收。,阻塞：设备厂协议、样机、broker/topic/cert、命令与 ACK 语义未确认。,硬件联调要求,补样机、协议、测试 broker、测试密钥为前置阻塞,"R27,R29",可直接执行,"按 R27,R29 拆成本地任务；优先产出 mock/模拟闭环所需的文档、接口、页面、模型、测试或验收证据。",water-station/docs/requirements/；water-station/docs/planning/,用本地文档、接口/页面行为、测试或手工验收记录证明；核心链路需留下订单-命令-ACK-审计日志证据。,无新增人工确认；按 30 天 MVP mock/模拟闭环执行，真实外部能力不进入本轮。
50,设备扫码取水全链路验收,验证扫码、下单、支付/权益、出水、回执、实际水量、订单流水全链路,来源：六维达康项目资料；需求编号：REQ-049,,六维达康水站项目（需求池完善副本）,P0,客户反馈,收集需求,,,建群,,,联调验收、问题修复与上线演示,六维达康水站项目（需求池完善副本）,,联调验收,一期,一期必需,真实样机闭环可演示、可追溯,REQ-049,设备、支付、订单、后台,,正式PRD,商业一期,否,测试,后端数据库,真实设备接入前需拿到协议、样机、topic、命令、ACK、故障码、心跳、去重规则；MVP 先用模拟器验收。,阻塞：设备厂协议、样机、broker/topic/cert、命令与 ACK 语义未确认。,联调验收,补真实样机闭环；MVP 对应模拟器验收,"R11,R29,R31",可直接执行,"按 R11,R29,R31 拆成本地任务；优先产出 mock/模拟闭环所需的文档、接口、页面、模型、测试或验收证据。",water-station/docs/mvp/；water-station/docs/ops/；测试证据记录,用本地文档、接口/页面行为、测试或手工验收记录证明；核心链路需留下订单-命令-ACK-审计日志证据。,无新增人工确认；按 30 天 MVP mock/模拟闭环执行，真实外部能力不进入本轮。
51,后台追溯验收,从订单追溯到设备、指令、回执、实际水量、告警和流水,来源：六维达康项目资料；需求编号：REQ-050,,六维达康水站项目（需求池完善副本）,P0,客户反馈,收集需求,,,建群,,,"联调验收、问题修复与上线演示,订单流水、异常补偿与后台追溯",六维达康水站项目（需求池完善副本）,,联调验收,一期,一期必需,后台可完整追溯一笔取水订单,REQ-050,订单、设备指令、告警模型,,正式PRD,30天MVP,是,测试,后端数据库,MVP 验收需覆盖成功 ACK、失败 ACK、超时、重复 ACK、错设备 ACK，并能在后台追溯订单到命令、ACK、审计日志。,无新增阻塞；按补充验收执行。,后台看板、审计,补订单->命令->ACK->审计日志全链路,"R9,R10,R11,R31,R34",可直接执行,"按 R9,R10,R11,R31,R34 拆成本地任务；优先产出 mock/模拟闭环所需的文档、接口、页面、模型、测试或验收证据。",water-station/docs/mvp/；water-station/docs/ops/；测试证据记录,用本地文档、接口/页面行为、测试或手工验收记录证明；核心链路需留下订单-命令-ACK-审计日志证据。,无新增人工确认；按 30 天 MVP mock/模拟闭环执行，真实外部能力不进入本轮。
52,完整商城首页,用户进入健康产品商城浏览商品,来源：六维达康项目资料；需求编号：REQ-201,,六维达康水站项目（需求池完善副本）,P2,客户反馈,收集需求,,,建群,,,二期商城、健康与营销增强预留,六维达康水站项目（需求池完善副本）,,商城,二期,二期增强,可展示商品分类、详情、价格,REQ-201,商品体系、商城设计,,正式PRD,二期增强,否,产品,人工运营,仅保留为后续范围；不得进入 30 天 MVP 主线，除非另开评审。,范围风险：后置能力不要误排进一期主线。,商城入口跳转,标为后置，商业一期最多入口/跳转配置,R36,后置预留,保留需求、字段和边界说明；不进入 30 天 MVP 主线，后续版本再拆分任务。,water-station/docs/requirements/；water-station/docs/planning/,后续版本评审时再验收；当前只确认其没有被误排进 30 天 MVP。,需确认合作方接口、资质、结算口径、隐私合规和版本排期。
53,商品订单,用户购买健康产品或商城商品,来源：六维达康项目资料；需求编号：REQ-202,,六维达康水站项目（需求池完善副本）,P2,客户反馈,收集需求,,,建群,,,二期商城、健康与营销增强预留,六维达康水站项目（需求池完善副本）,,商城,二期,二期增强,可下单、支付、查看订单,REQ-202,商品、库存、支付规则,,正式PRD,二期增强,否,产品,飞书协作,仅保留为后续范围；不得进入 30 天 MVP 主线，除非另开评审。,范围风险：后置能力不要误排进一期主线。,商城方案,标为二期，避免进入一期核心闭环,R36,后置预留,保留需求、字段和边界说明；不进入 30 天 MVP 主线，后续版本再拆分任务。,water-station/docs/requirements/；water-station/docs/planning/,后续版本评审时再验收；当前只确认其没有被误排进 30 天 MVP。,需确认合作方接口、资质、结算口径、隐私合规和版本排期。
54,商品库存,平台管理商品库存、上下架和缺货状态,来源：六维达康项目资料；需求编号：REQ-203,,六维达康水站项目（需求池完善副本）,P2,客户反馈,收集需求,,,建群,,,二期商城、健康与营销增强预留,六维达康水站项目（需求池完善副本）,,商城,二期,二期增强,库存扣减和缺货提示正确,REQ-203,SKU 规则、库存策略,,正式PRD,二期增强,否,后台,后端数据库,仅保留为后续范围；不得进入 30 天 MVP 主线，除非另开评审。,范围风险：后置能力不要误排进一期主线。,商城功能表,标为二期，库存/售后后置,R36,后置预留,保留需求、字段和边界说明；不进入 30 天 MVP 主线，后续版本再拆分任务。,water-station/docs/requirements/；water-station/docs/planning/,后续版本评审时再验收；当前只确认其没有被误排进 30 天 MVP。,需确认合作方接口、资质、结算口径、隐私合规和版本排期。
55,商城配送履约,配送端支持商城商品订单配送,来源：六维达康项目资料；需求编号：REQ-204,,六维达康水站项目（需求池完善副本）,P2,客户反馈,收集需求,,,建群,,,二期商城、健康与营销增强预留,六维达康水站项目（需求池完善副本）,,商城配送,二期,二期增强,商城订单可分配配送并签收,REQ-204,商城订单、前置仓、配送规则,,正式PRD,二期增强,否,配送,飞书协作,仅保留为后续范围；不得进入 30 天 MVP 主线，除非另开评审。,范围风险：后置能力不要误排进一期主线。,商城配送,和水配送区分，二期增强,R36,后置预留,保留需求、字段和边界说明；不进入 30 天 MVP 主线，后续版本再拆分任务。,water-station/apps/miniprogram/；water-station/services/api/；water-station/docs/ops/,后续版本评审时再验收；当前只确认其没有被误排进 30 天 MVP。,需确认合作方接口、资质、结算口径、隐私合规和版本排期。
56,前置仓管理,后台管理前置仓库存和履约范围,来源：六维达康项目资料；需求编号：REQ-205,,六维达康水站项目（需求池完善副本）,P2,客户反馈,收集需求,,,建群,,,二期商城、健康与营销增强预留,六维达康水站项目（需求池完善副本）,,商城配送,二期,二期增强,可按仓库查询库存和配送范围,REQ-205,仓库规则、库存系统,,正式PRD,二期增强,否,后台,后端数据库,仅保留为后续范围；不得进入 30 天 MVP 主线，除非另开评审。,范围风险：后置能力不要误排进一期主线。,商城配送,标为二期，非 30 天 MVP,R36,后置预留,保留需求、字段和边界说明；不进入 30 天 MVP 主线，后续版本再拆分任务。,water-station/apps/miniprogram/；water-station/services/api/；water-station/docs/ops/,后续版本评审时再验收；当前只确认其没有被误排进 30 天 MVP。,需确认合作方接口、资质、结算口径、隐私合规和版本排期。
57,商品退换货,用户对商城商品发起退换货,来源：六维达康项目资料；需求编号：REQ-206,,六维达康水站项目（需求池完善副本）,P2,客户反馈,收集需求,,,建群,,,二期商城、健康与营销增强预留,六维达康水站项目（需求池完善副本）,,售后,二期,二期增强,退换货流程可闭环,REQ-206,售后规则,,正式PRD,二期增强,否,售后,飞书协作,仅保留为后续范围；不得进入 30 天 MVP 主线，除非另开评审。,范围风险：后置能力不要误排进一期主线。,商城售后,标为二期，非水站核心闭环,R36,后置预留,保留需求、字段和边界说明；不进入 30 天 MVP 主线，后续版本再拆分任务。,water-station/docs/requirements/；water-station/docs/planning/,后续版本评审时再验收；当前只确认其没有被误排进 30 天 MVP。,需人工确认业务口径、验收边界和是否进入本期。
58,随机卡券,平台给用户发放随机券或活动券,来源：六维达康项目资料；需求编号：REQ-207,,六维达康水站项目（需求池完善副本）,P2,客户反馈,收集需求,,,建群,,,二期商城、健康与营销增强预留,六维达康水站项目（需求池完善副本）,,营销,二期,二期增强,卡券可发放、核销、统计,REQ-207,营销规则,,正式PRD,二期增强,否,产品,飞书协作,仅保留为后续范围；不得进入 30 天 MVP 主线，除非另开评审。,范围风险：后置能力不要误排进一期主线。,随机卡券需求,标为二期，补防刷和每日限制,R36,后置预留,保留需求、字段和边界说明；不进入 30 天 MVP 主线，后续版本再拆分任务。,water-station/docs/requirements/；water-station/docs/planning/,后续版本评审时再验收；当前只确认其没有被误排进 30 天 MVP。,需人工确认业务口径、验收边界和是否进入本期。
59,广告公告基础增强,平台配置公告、广告位和活动入口,来源：六维达康项目资料；需求编号：REQ-208,,六维达康水站项目（需求池完善副本）,P2,客户反馈,收集需求,,,建群,,,二期商城、健康与营销增强预留,六维达康水站项目（需求池完善副本）,,营销,二期,二期增强,前端按配置展示广告公告,REQ-208,内容规则、广告位设计,,正式PRD,一期预留,否,产品,人工运营,一期只做公告/广告位字段，计费后置,无新增阻塞；按补充验收执行。,广告公告管理,一期只做公告/广告位字段，计费后置,R36,后置预留,保留需求、字段和边界说明；不进入 30 天 MVP 主线，后续版本再拆分任务。,water-station/docs/requirements/；water-station/docs/planning/,后续版本评审时再验收；当前只确认其没有被误排进 30 天 MVP。,需人工确认业务口径、验收边界和是否进入本期。
60,完整广告分账,对广告收益进行归因和分账,来源：六维达康项目资料；需求编号：REQ-209,,六维达康水站项目（需求池完善副本）,P2,客户反馈,收集需求,,,建群,,,二期商城、健康与营销增强预留,六维达康水站项目（需求池完善副本）,,广告分账,二期,二期增强,广告收益可统计和分账,REQ-209,广告收益规则、分账对象,,正式PRD,二期增强,否,支付财务,微信支付,仅保留为后续范围；不得进入 30 天 MVP 主线，除非另开评审。,范围风险：后置能力不要误排进一期主线。,广告分账,广告收益分账后置，需资质和规则,R36,后置预留,保留需求、字段和边界说明；不进入 30 天 MVP 主线，后续版本再拆分任务。,water-station/services/api/；water-station/docs/ops/；water-station/docs/requirements/,后续版本评审时再验收；当前只确认其没有被误排进 30 天 MVP。,需确认微信商户号、证书、回调域名、退款权限、分账规则、财务审核口径。
61,健康档案系统接入,用户授权健康档案，平台读取外部健康资料,来源：六维达康项目资料；需求编号：REQ-210,,六维达康水站项目（需求池完善副本）,P2,客户反馈,收集需求,,,建群,,,二期商城、健康与营销增强预留,六维达康水站项目（需求池完善副本）,,健康,二期,二期增强,授权后可获取基础健康档案,REQ-210,健康档案接口资料、授权方式,,正式PRD,二期增强,否,产品,飞书协作,仅保留为后续范围；不得进入 30 天 MVP 主线，除非另开评审。,范围风险：后置能力不要误排进一期主线。,健康档案接口,一期只预留授权/接口字段，涉及隐私合规,R36,后置预留,保留需求、字段和边界说明；不进入 30 天 MVP 主线，后续版本再拆分任务。,water-station/docs/requirements/；water-station/docs/planning/,后续版本评审时再验收；当前只确认其没有被误排进 30 天 MVP。,需确认合作方接口、资质、结算口径、隐私合规和版本排期。
62,健康标签和商品推荐,根据健康档案或用户行为推荐健康产品,来源：六维达康项目资料；需求编号：REQ-211,,六维达康水站项目（需求池完善副本）,P2,客户反馈,收集需求,,,建群,,,二期商城、健康与营销增强预留,六维达康水站项目（需求池完善副本）,,健康,二期,二期增强,用户可看到基础推荐内容,REQ-211,健康标签规则、推荐规则,,正式PRD,二期增强,否,产品,人工运营,仅保留为后续范围；不得进入 30 天 MVP 主线，除非另开评审。,范围风险：后置能力不要误排进一期主线。,健康推荐,不做 AI 猜测配送，推荐后置,R36,后置预留,保留需求、字段和边界说明；不进入 30 天 MVP 主线，后续版本再拆分任务。,water-station/docs/requirements/；water-station/docs/planning/,后续版本评审时再验收；当前只确认其没有被误排进 30 天 MVP。,需确认合作方接口、资质、结算口径、隐私合规和版本排期。
63,深度经营分析,按水站、设备、机主、用户、配送统计经营数据,来源：六维达康项目资料；需求编号：REQ-212,,六维达康水站项目（需求池完善副本）,P2,客户反馈,收集需求,,,建群,,,二期商城、健康与营销增强预留,六维达康水站项目（需求池完善副本）,,运营,二期,二期增强,可生成经营报表,REQ-212,订单、流水、设备数据,,正式PRD,二期增强,否,后台,后端数据库,仅保留为后续范围；不得进入 30 天 MVP 主线，除非另开评审。,范围风险：后置能力不要误排进一期主线。,经营看板,一期只做基础订单/设备状态,R36,后置预留,保留需求、字段和边界说明；不进入 30 天 MVP 主线，后续版本再拆分任务。,water-station/apps/admin/；water-station/services/api/；water-station/docs/admin/,后续版本评审时再验收；当前只确认其没有被误排进 30 天 MVP。,需人工确认业务口径、验收边界和是否进入本期。
64,远程参数同步,后台向设备同步价格、限额、冲洗、温控等参数,来源：六维达康项目资料；需求编号：REQ-213,,六维达康水站项目（需求池完善副本）,P2,客户反馈,收集需求,,,建群,,,二期商城、健康与营销增强预留,六维达康水站项目（需求池完善副本）,,设备接入,二期,二期增强,参数可下发并回执成功/失败,REQ-213,设备参数协议、回执,,设备技术方案,二期增强,否,设备,甲方设备,仅保留为后续范围；不得进入 30 天 MVP 主线，除非另开评审。,范围风险：后置能力不要误排进一期主线。,设备终端管理,高风险设备控制，协议和回执确认后做,R36,后置预留,保留需求、字段和边界说明；不进入 30 天 MVP 主线，后续版本再拆分任务。,water-station/services/iot/；water-station/services/api/；water-station/docs/iot/,后续版本评审时再验收；当前只确认其没有被误排进 30 天 MVP。,需确认设备厂协议、样机、命令集、ACK 语义、心跳/故障码、二维码/刷卡能力。
65,远程升级 OTA,后台触发固件升级并查看进度、失败和回滚,来源：六维达康项目资料；需求编号：REQ-214,,六维达康水站项目（需求池完善副本）,P2,客户反馈,收集需求,,,建群,,,二期商城、健康与营销增强预留,六维达康水站项目（需求池完善副本）,,设备接入,二期,二期增强,升级流程可控、失败可追踪,REQ-214,OTA 能力、升级包、回滚机制,,正式PRD,二期增强,否,设备,甲方设备,仅保留为后续范围；不得进入 30 天 MVP 主线，除非另开评审。,范围风险：后置能力不要误排进一期主线。,OTA 方案,高风险，需升级包、回滚、灰度,R36,后置预留,保留需求、字段和边界说明；不进入 30 天 MVP 主线，后续版本再拆分任务。,water-station/services/iot/；water-station/services/api/；water-station/docs/iot/,后续版本评审时再验收；当前只确认其没有被误排进 30 天 MVP。,需确认设备厂协议、样机、命令集、ACK 语义、心跳/故障码、二维码/刷卡能力。
66,屏幕内容推送,平台向设备屏幕推送公告、二维码、价格或广告,来源：六维达康项目资料；需求编号：REQ-215,,六维达康水站项目（需求池完善副本）,P2,客户反馈,收集需求,,,建群,,,二期商城、健康与营销增强预留,六维达康水站项目（需求池完善副本）,,设备接入,二期,二期增强,内容可下发并展示,REQ-215,屏幕协议、内容格式,,设备技术方案,二期增强,否,设备,甲方设备,仅保留为后续范围；不得进入 30 天 MVP 主线，除非另开评审。,范围风险：后置能力不要误排进一期主线。,设备屏幕/广告,一期最多字段预留，真实推送后置,R36,后置预留,保留需求、字段和边界说明；不进入 30 天 MVP 主线，后续版本再拆分任务。,water-station/services/iot/；water-station/services/api/；water-station/docs/iot/,后续版本评审时再验收；当前只确认其没有被误排进 30 天 MVP。,需确认设备厂协议、样机、命令集、ACK 语义、心跳/故障码、二维码/刷卡能力。
67,渠道端完整管理,渠道管理区域、下级机主、水站和收益,来源：六维达康项目资料；需求编号：REQ-301,,六维达康水站项目（需求池完善副本）,P2,客户反馈,收集需求,,,建群,,,三期渠道、异地用水与平台化扩展预留,六维达康水站项目（需求池完善副本）,,渠道,三期,三期扩展,渠道端可查看下级数据,REQ-301,渠道规则、组织层级,,正式PRD,三期扩展,否,产品,人工运营,仅保留为后续范围；不得进入 30 天 MVP 主线，除非另开评审。,待确认：基础渠道能力是否前置到一期；技术层级和实际激励层级口径冲突。,渠道方案,与“基础渠道前置”冲突，需单独确认,R36,后置预留,保留需求、字段和边界说明；不进入 30 天 MVP 主线，后续版本再拆分任务。,water-station/docs/requirements/；water-station/docs/planning/,后续版本评审时再验收；当前只确认其没有被误排进 30 天 MVP。,需确认合作方接口、资质、结算口径、隐私合规和版本排期。
68,多级渠道结算,支持平台、区域、渠道、机主等多级分润,来源：六维达康项目资料；需求编号：REQ-302,,六维达康水站项目（需求池完善副本）,P2,客户反馈,收集需求,,,建群,,,三期渠道、异地用水与平台化扩展预留,六维达康水站项目（需求池完善副本）,,渠道,三期,三期扩展,多级结算可试算和对账,REQ-302,多级分账规则、结算资质,,正式PRD,三期扩展,否,支付财务,微信支付,仅保留为后续范围；不得进入 30 天 MVP 主线，除非另开评审。,待确认：基础渠道能力是否前置到一期；技术层级和实际激励层级口径冲突。,渠道分账,技术可 3 级，实际激励不超过 2 级需确认,R36,后置预留,保留需求、字段和边界说明；不进入 30 天 MVP 主线，后续版本再拆分任务。,water-station/docs/requirements/；water-station/docs/planning/,后续版本评审时再验收；当前只确认其没有被误排进 30 天 MVP。,需确认微信商户号、证书、回调域名、退款权限、分账规则、财务审核口径。
69,加盟管理,支持加盟商入驻、审核和区域授权,来源：六维达康项目资料；需求编号：REQ-303,,六维达康水站项目（需求池完善副本）,P2,客户反馈,收集需求,,,建群,,,三期渠道、异地用水与平台化扩展预留,六维达康水站项目（需求池完善副本）,,渠道,三期,三期扩展,加盟流程可线上管理,REQ-303,加盟政策、合同规则,,正式PRD,三期扩展,否,商务,人工运营,仅保留为后续范围；不得进入 30 天 MVP 主线，除非另开评审。,范围风险：后置能力不要误排进一期主线。,渠道加盟,后置，不进一期,R36,后置预留,保留需求、字段和边界说明；不进入 30 天 MVP 主线，后续版本再拆分任务。,water-station/docs/requirements/；water-station/docs/planning/,后续版本评审时再验收；当前只确认其没有被误排进 30 天 MVP。,需确认合作方接口、资质、结算口径、隐私合规和版本排期。
70,异地用水,用户在不同水站使用同一权益或水卡,来源：六维达康项目资料；需求编号：REQ-304,,六维达康水站项目（需求池完善副本）,P2,客户反馈,收集需求,,,建群,,,三期渠道、异地用水与平台化扩展预留,六维达康水站项目（需求池完善副本）,,跨站用水,三期,三期扩展,跨站消费可扣减和结算,REQ-304,跨站结算、水卡规则,,正式PRD,三期扩展,否,产品,飞书协作,仅保留为后续范围；不得进入 30 天 MVP 主线，除非另开评审。,范围风险：后置能力不要误排进一期主线。,异地用水,一期只预留 station_id、价格快照和清算字段,R36,后置预留,保留需求、字段和边界说明；不进入 30 天 MVP 主线，后续版本再拆分任务。,water-station/docs/requirements/；water-station/docs/planning/,后续版本评审时再验收；当前只确认其没有被误排进 30 天 MVP。,需确认合作方接口、资质、结算口径、隐私合规和版本排期。
71,跨站收益清算,异地用水后在用户所属方和设备所属方之间清算,来源：六维达康项目资料；需求编号：REQ-305,,六维达康水站项目（需求池完善副本）,P2,客户反馈,收集需求,,,建群,,,三期渠道、异地用水与平台化扩展预留,六维达康水站项目（需求池完善副本）,,跨站结算,三期,三期扩展,跨站订单可生成清算明细,REQ-305,清算规则、分账规则,,正式PRD,三期扩展,否,支付财务,微信支付,仅保留为后续范围；不得进入 30 天 MVP 主线，除非另开评审。,范围风险：后置能力不要误排进一期主线。,跨站清算,后置，需清算规则,R36,后置预留,保留需求、字段和边界说明；不进入 30 天 MVP 主线，后续版本再拆分任务。,water-station/docs/requirements/；water-station/docs/planning/,后续版本评审时再验收；当前只确认其没有被误排进 30 天 MVP。,需确认微信商户号、证书、回调域名、退款权限、分账规则、财务审核口径。
72,母卡备用方案,支持更复杂的母卡/子卡或企业账户模式,来源：六维达康项目资料；需求编号：REQ-306,,六维达康水站项目（需求池完善副本）,P2,客户反馈,收集需求,,,建群,,,三期渠道、异地用水与平台化扩展预留,六维达康水站项目（需求池完善副本）,,水卡,三期,三期扩展,母子卡消费和授权可管理,REQ-306,企业账户规则,,正式PRD,三期扩展,否,产品,飞书协作,仅保留为后续范围；不得进入 30 天 MVP 主线，除非另开评审。,本地文档明确母卡不是一期主线，只保留为备选方案。,送水母卡,本地文档明确一期不做母卡，仅备选,R36,后置预留,保留需求、字段和边界说明；不进入 30 天 MVP 主线，后续版本再拆分任务。,water-station/services/api/；water-station/docs/ops/；water-station/docs/requirements/,后续版本评审时再验收；当前只确认其没有被误排进 30 天 MVP。,需确认微信商户号、证书、回调域名、退款权限、分账规则、财务审核口径。
73,完整广告投放与收益体系,面向渠道、设备屏幕、用户端广告做投放和收益分成,来源：六维达康项目资料；需求编号：REQ-307,,六维达康水站项目（需求池完善副本）,P2,客户反馈,收集需求,,,建群,,,三期渠道、异地用水与平台化扩展预留,六维达康水站项目（需求池完善副本）,,广告,三期,三期扩展,广告可投放、统计、分账,REQ-307,广告主、投放规则、收益规则,,正式PRD,三期扩展,否,商务,人工运营,仅保留为后续范围；不得进入 30 天 MVP 主线，除非另开评审。,范围风险：后置能力不要误排进一期主线。,广告投放,后置，需广告资质、投放和收益规则,R36,后置预留,保留需求、字段和边界说明；不进入 30 天 MVP 主线，后续版本再拆分任务。,water-station/docs/requirements/；water-station/docs/planning/,后续版本评审时再验收；当前只确认其没有被误排进 30 天 MVP。,需确认合作方接口、资质、结算口径、隐私合规和版本排期。
74,多项目/多品牌复制,将当前能力复用到其他项目,来源：六维达康项目资料；需求编号：REQ-308,,六维达康水站项目（需求池完善副本）,P2,客户反馈,收集需求,,,建群,,,三期渠道、异地用水与平台化扩展预留,六维达康水站项目（需求池完善副本）,,平台化,三期,三期扩展,新项目可复用表结构和组件,REQ-308,多租户/多项目架构,,正式PRD,三期扩展,否,产品,人工运营,仅保留为后续范围；不得进入 30 天 MVP 主线，除非另开评审。,范围风险：后置能力不要误排进一期主线。,平台化,后置，当前先单项目闭环,R36,后置预留,保留需求、字段和边界说明；不进入 30 天 MVP 主线，后续版本再拆分任务。,water-station/docs/requirements/；water-station/docs/planning/,后续版本评审时再验收；当前只确认其没有被误排进 30 天 MVP。,需确认合作方接口、资质、结算口径、隐私合规和版本排期。
75,微信小程序统一入口与多身份切换,一个微信小程序统一入口，普通用户默认进入用户首页；有机主、渠道、配送身份的人在身份页面按权限切换端口。公司后台独立为 PC 管理端。,来源：05_设备接口与技术方案/07-多端流程框架与模拟计划.md；04_产品端口与业务方案/03-端口体系与权限边界.md；需求编号：REQ-051,,六维达康水站项目（需求池完善副本）,P0,业务创新,方案中,,,建群,系统端口定义：小程序承载用户/机主/渠道/配送身份入口；公司后台为 PC Web；后端服务为事实来源。,,微信小程序统一入口与多身份上下文,六维达康水站项目（需求池完善副本）,,用户端,一期,一期必需,普通用户只看到用户端；多身份用户能在身份页切换用户端、机主端、渠道端、配送端；无权限账号看不到对应端口；每次操作携带当前身份上下文并写入审计日志。,REQ-051,依赖 REQ-003 登录、REQ-024 权限日志、REQ-018 用户管理。,,设备技术方案,30天MVP,是,产品,后端数据库,验收：默认用户首页；身份页列出已授权端口；端口切换后菜单、数据、接口权限按当前身份隔离；操作日志记录 accountId、role、portal、action、time。,风险：若前端只做多个入口不做身份上下文，后端越权风险高；需统一 token/session 中的当前身份与资源范围。,05_设备接口与技术方案/07-多端流程框架与模拟计划.md；05_设备接口与技术方案/08-多端流程框架与模拟计划-HTML版.html；04_产品端口与业务方案/03-端口体系与权限边界.md,补成独立需求，避免被分散在登录、权限、机主端、配送端、渠道端中漏掉。,新增：T1；关联 R13、R23、R32,可直接执行,按 新增：T1；关联 R13、R23、R32 拆成本地任务；优先产出 mock/模拟闭环所需的文档、接口、页面、模型、测试或验收证据。,water-station/apps/miniprogram/；water-station/docs/requirements/,用本地文档、接口/页面行为、测试或手工验收记录证明；核心链路需留下订单-命令-ACK-审计日志证据。,无新增人工确认；按 30 天 MVP mock/模拟闭环执行，真实外部能力不进入本轮。
76,用户端功能开发范围,用户端面向普通用户，承担扫码取水、购卡充值、水卡账户、消费记录、地址、家庭成员授权、送水订单、商城与健康入口。,来源：04_产品端口与业务方案/04-用户端功能方案.md；03_需求规格与业务规则/27-小程序五端框架说明.html；需求编号：REQ-052,,六维达康水站项目（需求池完善副本）,P0,业务创新,方案中,,,建群,用户端不能看机主收益、其他用户订单、后台财务或渠道分账。,,用户端功能范围补齐：首页、扫码、水卡、送水、健康入口,六维达康水站项目（需求池完善副本）,,用户端,一期,一期必需,用户能登录、查看附近水站、扫码识别设备、查看设备状态、选择水种水量、查看订单结果、水卡余额/记录、地址、家庭成员授权、送水入口、商城/健康入口。,REQ-052,依赖 REQ-003、REQ-004、REQ-006、REQ-008、REQ-009、REQ-011、REQ-019、REQ-022。,,正式PRD,30天MVP,是,产品,后端数据库,验收：首页有扫码取水、附近水站、水卡余额、充值、送水、商城/健康入口；扫码链路能到设备确认和订单结果；个人中心能进入水卡、订单、消费记录、地址和家庭成员。,风险：商城、健康、真实支付不要挤进 30 天 MVP 主链路，先做入口和字段预留。,04_产品端口与业务方案/04-用户端功能方案.md；03_需求规格与业务规则/27-小程序五端框架说明.html,补用户端完整功能清单和一期/骨架边界。,新增：T2；关联 R14-R20,可直接执行,按 新增：T2；关联 R14-R20 拆成本地任务；优先产出 mock/模拟闭环所需的文档、接口、页面、模型、测试或验收证据。,water-station/apps/miniprogram/；water-station/docs/requirements/,用本地文档、接口/页面行为、测试或手工验收记录证明；核心链路需留下订单-命令-ACK-审计日志证据。,无新增人工确认；按 30 天 MVP mock/模拟闭环执行，真实外部能力不进入本轮。
77,机主端功能开发范围,机主端面向设备机主/水站经营者，只看自己名下设备、经营数据、流水、收益、报修、配件和告警。,来源：04_产品端口与业务方案/05-机主端功能方案.md；04_产品端口与业务方案/03-端口体系与权限边界.md；需求编号：REQ-053,,六维达康水站项目（需求池完善副本）,P1,业务创新,方案中,,,建群,机主端不能改全局价格、分账配置、后台角色，也不能看其他用户隐私。,,机主端只读骨架：经营看板、设备状态、流水与报修入口,六维达康水站项目（需求池完善副本）,,机主端,一期,一期重要,机主能登录并看到自己设备；能查看经营看板、设备在线/故障/滤芯/TDS/最后连接时间、设备流水、收益统计、报修和配件进度；不能串到其他机主数据。,REQ-053,依赖 REQ-012、REQ-013、REQ-014、REQ-020、REQ-023、REQ-046。,,正式PRD,骨架方案,骨架,后台,后端数据库,验收：机主身份页可进入机主端；机主只读自己设备和收益占位；报修/配件可建单或占位；高风险远程控制默认不开放。,风险：真实收益、分账和远程控制依赖支付、分账、设备协议；30 天 MVP 只做只读骨架和占位。,04_产品端口与业务方案/05-机主端功能方案.md；05_设备接口与技术方案/07-多端流程框架与模拟计划.md,补机主端完整功能清单，明确当前可先做只读骨架。,新增：T3；关联 R10、R23、R26,可直接执行,按 新增：T3；关联 R10、R23、R26 拆成本地任务；优先产出 mock/模拟闭环所需的文档、接口、页面、模型、测试或验收证据。,water-station/docs/requirements/；water-station/docs/planning/,用本地文档、接口/页面行为、测试或手工验收记录证明；核心链路需留下订单-命令-ACK-审计日志证据。,无新增人工确认；按 30 天 MVP mock/模拟闭环执行，真实外部能力不进入本轮。
78,配送端功能开发范围,配送端面向配送员，承担待接单、接单、开始配送、位置上报、三张照片签收、异常上报、配送记录和用户申诉衔接。,来源：04_产品端口与业务方案/07-配送端功能方案.md；03_需求规格与业务规则/01-需求-无卡远程消费.md；需求编号：REQ-054,,六维达康水站项目（需求池完善副本）,P0,客户反馈,方案中,,,建群,配送端不开放设备控制和平台财务。,,配送端履约、准入、通知、签收申诉与多水种骨架,六维达康水站项目（需求池完善副本）,,配送端,一期,一期重要,配送员能查看待接单、接单、查看详情、开始配送、上传门牌号/水量/环境三张照片、点击已送达、上报异常；系统自动确认送达，用户可在 24 小时内申诉，后台可查看记录。,REQ-054,依赖 REQ-011、REQ-015、REQ-016、REQ-017、REQ-047。,,正式PRD,骨架方案,骨架,配送,后端数据库,验收：配送员只能看自己的任务；三张照片缺一不可；照片带时间、GPS、订单和配送员信息；配送员不能扣水卡、改价格、改设备状态。,风险：真实配送履约涉及图片存储、定位、申诉 SLA 和客服处理；MVP 可先做页面/模型/接口骨架。,04_产品端口与业务方案/07-配送端功能方案.md；03_需求规格与业务规则/01-需求-无卡远程消费.md；03_需求规格与业务规则/23-送水方案与主动配送设计.md,补配送端完整功能清单和权限边界。,新增：T4；关联 R20-R22,可直接执行,按 新增：T4；关联 R20-R22 拆成本地任务；优先产出 mock/模拟闭环所需的文档、接口、页面、模型、测试或验收证据。,water-station/apps/miniprogram/；water-station/services/api/；water-station/docs/ops/,用本地文档、接口/页面行为、测试或手工验收记录证明；核心链路需留下订单-命令-ACK-审计日志证据。,无新增人工确认；按 30 天 MVP mock/模拟闭环执行，真实外部能力不进入本轮。
79,公司后台与系统管理端开发范围,公司后台是 PC Web 管理中枢，面向总部、运营、财务、客服、运维，统一管理用户、水站、设备、水卡、订单、财务、分账、配送、报修、广告公告、权限和日志。,来源：04_产品端口与业务方案/08-公司后台功能方案.md；04_产品端口与业务方案/01-总框架结构总览.md；需求编号：REQ-055,,六维达康水站项目（需求池完善副本）,P0,业务创新,方案中,,,建群,后台核心角色：超级管理员、运营、财务、客服、运维。,,公司后台/系统管理端、配置中心、合规审计与事件白名单,六维达康水站项目（需求池完善副本）,,后台,一期,一期必需,后台能登录；按角色控制权限；能管理用户、水站、设备、水卡套餐、订单、流水、报修工单、公告广告、基础配置；关键操作有日志；MVP 至少能看订单、设备状态、命令、ACK 和审计日志。,REQ-055,依赖 REQ-018、REQ-019、REQ-020、REQ-021、REQ-022、REQ-023、REQ-024、REQ-050。,,正式PRD,30天MVP,是,后台,后端数据库,验收：PC 后台不是小程序普通入口；最小看板显示订单、设备、命令、ACK、审计日志；商业一期再扩展用户、财务、分账、报修、广告和权限角色。,风险：不要把后端服务、公司后台、设备端混成一个端；真实财务/退款/分账和远程控制要等支付与设备协议确认。,04_产品端口与业务方案/08-公司后台功能方案.md；04_产品端口与业务方案/01-总框架结构总览.md；water-station/docs/admin/phase-1-dashboard.md,补系统端定义：公司后台是人用 PC 管理端；后端服务是 API/数据库事实来源；设备端是硬件通信层。,新增：T5；关联 R10、R23、R32、R35,可直接执行,按 新增：T5；关联 R10、R23、R32、R35 拆成本地任务；优先产出 mock/模拟闭环所需的文档、接口、页面、模型、测试或验收证据。,water-station/apps/admin/；water-station/services/api/；water-station/docs/admin/,用本地文档、接口/页面行为、测试或手工验收记录证明；核心链路需留下订单-命令-ACK-审计日志证据。,无新增人工确认；按 30 天 MVP mock/模拟闭环执行，真实外部能力不进入本轮。
80,渠道端基础预留与后续开发范围,渠道端面向区域渠道/加盟体系，用于查看区域数据、下级机主、区域设备、用户增长、渠道收益和归属申诉；一期先做归属字段和入口权限预留。,来源：04_产品端口与业务方案/06-渠道端功能方案.md；03_需求规格与业务规则/10-需求-渠道与推送定义.md；需求编号：REQ-056,,六维达康水站项目（需求池完善副本）,P2,业务创新,方案中,,,建群,渠道端不能看其他区域数据、公司全局财务、用户健康档案详情和后台系统配置。,,渠道端一期预留、推送码归属、商城归因与分润边界,六维达康水站项目（需求池完善副本）,,渠道,后续预留,后续预留,一期预留用户/水站/设备/机主归属渠道、推送码、区域编号；渠道身份未授权时不显示渠道端；后续完整渠道端再做区域看板、收益、结算、入网和申诉。,REQ-056,依赖 REQ-301、REQ-302、REQ-303；基础字段影响 REQ-019、REQ-020、REQ-022。,,正式PRD,一期预留,骨架,商务,人工运营,验收：一期数据模型保留 channelId/regionCode/promoCode 等字段；身份页按授权隐藏/显示渠道端；完整渠道端不进入 30 天 MVP。,风险：文档里有一期基础版和三期完整管理的口径差异，需会议确认渠道端是否前置；分润结算需支付财务规则。,04_产品端口与业务方案/06-渠道端功能方案.md；03_需求规格与业务规则/10-需求-渠道与推送定义.md；05_设备接口与技术方案/11-共享水站及设备管理系统需求整理.md,补渠道端范围，避免只看到 REQ-301 三期完整管理而漏掉一期字段预留。,新增：T6；关联 R36、REQ-301~REQ-303,后置预留,保留需求、字段和边界说明；不进入 30 天 MVP 主线，后续版本再拆分任务。,water-station/docs/requirements/；water-station/docs/planning/,后续版本评审时再验收；当前只确认其没有被误排进 30 天 MVP。,需确认合作方接口、资质、结算口径、隐私合规和版本排期。
81,家庭成员自愿填报与奖励机制,用户在个人中心自愿完善家庭成员信息，系统通过水券、积分或健康权益奖励，作为用水预测、健康推荐和主动配送的基础数据。,来源：03_需求规格与业务规则/05-需求-家庭成员信息填报.md；06_一期开发执行计划/04-执行-用户端开发.md；需求编号：REQ-057,,六维达康水站项目（需求池完善副本）,P1,客户反馈,方案中,,,建群,一期只做自愿表单和奖励骨架，AI 对话和 CRM 自动填充后置。,,用户端功能范围补齐：首页、扫码、水卡、送水、健康入口,六维达康水站项目（需求池完善副本）,,健康,一期,一期重要,用户能添加、编辑、删除家庭成员；首次填报前展示隐私协议；字段可选不强制；提交后发放奖励；用户可一键删除家庭信息；家庭信息加密存储。,REQ-057,依赖 REQ-003 登录、REQ-009 授权、REQ-210 健康档案接口、REQ-066 合规日志。,,正式PRD,骨架方案,骨架,产品,后端数据库,验收补充：家庭信息页、添加成员页、奖励中心页可进入；奖励发放记录可追溯；不得诱导用户填写他人敏感信息。,隐私合规风险高；健康状况建议选填；公司成员信息二期再做；奖励价值和数据保留期限待甲方确认。,03_需求规格与业务规则/05-需求-家庭成员信息填报.md；06_一期开发执行计划/04-执行-用户端开发.md,补独立需求，避免家庭信息只被归入健康档案或一卡多人授权而漏开发页面、奖励和隐私删除。,新增：L1；关联 R17、R19、R20,可直接执行,按 新增：L1；关联 R17、R19、R20 拆成本地任务；优先产出 mock/模拟闭环所需的文档、接口、页面、模型、测试或验收证据。,water-station/docs/requirements/；water-station/docs/planning/,用本地文档、接口/页面行为、测试或手工验收记录证明；核心链路需留下订单-命令-ACK-审计日志证据。,无新增人工确认；按 30 天 MVP mock/模拟闭环执行，真实外部能力不进入本轮。
82,推送码归属、换绑与申诉规则,用户注册时根据推送码或设备码确定推送人、渠道和默认水站；满足条件后允许换绑申请，并支持注册归属申诉和换绑申诉。,来源：03_需求规格与业务规则/10-需求-渠道与推送定义.md；12-需求-推送码与默认归属.md；02_会议需求与范围确认/03-一期范围修订建议.md；需求编号：REQ-058,,六维达康水站项目（需求池完善副本）,P0,客户反馈,方案中,,,建群,完整渠道后台后置，但归属字段、推送码解析和申诉口径需要前置。,,渠道端一期预留、推送码归属、商城归因与分润边界,六维达康水站项目（需求池完善副本）,,渠道,一期,一期重要,推送码注册能关联推送人；扫码设备注册默认归属设备水站；用户可查询渠道归属和推送人；注册 7 天内可申诉；换绑资格按注册时间、下属规模、冷却期、次数自动校验；换绑后 90 天内相关方可申诉。,REQ-058,依赖 REQ-056、REQ-045、REQ-046、REQ-302。,,会议确认,商业一期,骨架,商务,后端数据库,验收补充：支持 3 级血缘字段、防环校验、binding_change_log、binding_appeal；历史分润不重算，新分润按新关系计算。,渠道层级和实际激励级数仍需会议确认；换绑有涟漪效应，审核和通知必须完整。,03_需求规格与业务规则/10-需求-渠道与推送定义.md；12-需求-推送码与默认归属.md；02_会议需求与范围确认/03-一期范围修订建议.md,从渠道端预留中拆出归属和推送码规则，避免一期只留 channelId 而漏掉注册归属、申诉和换绑验收。,新增：L2；关联 R24、R25、R36,可直接执行,按 新增：L2；关联 R24、R25、R36 拆成本地任务；优先产出 mock/模拟闭环所需的文档、接口、页面、模型、测试或验收证据。,water-station/docs/requirements/；water-station/docs/planning/,用本地文档、接口/页面行为、测试或手工验收记录证明；核心链路需留下订单-命令-ACK-审计日志证据。,无新增人工确认；按 30 天 MVP mock/模拟闭环执行，真实外部能力不进入本轮。
83,配送状态通知与签收申诉追踪,用户下单送水后需要看到水已离站、配送中、已送达/已签收等节点；配送员三照签收后系统自动确认，用户 24 小时内可申诉。,来源：02_会议需求与范围确认/01-会议新增需求整理.md；06_一期开发执行计划/04-执行-用户端开发.md；06-执行-配送端开发.md；需求编号：REQ-059,,六维达康水站项目（需求池完善副本）,P0,客户反馈,方案中,,,建群,AI 图片识别二期预留；一期先保证时间、定位、照片和申诉证据链。,,配送端履约、准入、通知、签收申诉与多水种骨架,六维达康水站项目（需求池完善副本）,,配送端,一期,一期重要,用户端配送跟踪页展示关键状态；至少通知“水已离开水站”和“已签收/已送达”；订单详情能查看三张签收照片、时间、GPS；用户 24 小时内可申诉；配送员端可看到申诉并提交举证。,REQ-059,依赖 REQ-011、REQ-015、REQ-016、REQ-017、REQ-054。,,会议确认,骨架方案,骨架,配送,后端数据库,验收补充：通知渠道可先用小程序内消息/微信订阅消息；每次状态变更写订单轨迹和审计日志。,订阅消息模板、短信和客服 SOP 待定；通知不能代替用户申诉权。,02_会议需求与范围确认/01-会议新增需求整理.md；06_一期开发执行计划/04-执行-用户端开发.md；06-执行-配送端开发.md,在三照签收之外补用户侧状态通知和申诉追踪，避免只做配送员拍照页面。,新增：L3；关联 R20-R22,可直接执行,按 新增：L3；关联 R20-R22 拆成本地任务；优先产出 mock/模拟闭环所需的文档、接口、页面、模型、测试或验收证据。,water-station/apps/miniprogram/；water-station/services/api/；water-station/docs/ops/,用本地文档、接口/页面行为、测试或手工验收记录证明；核心链路需留下订单-命令-ACK-审计日志证据。,无新增人工确认；按 30 天 MVP mock/模拟闭环执行，真实外部能力不进入本轮。
84,容器规格提示与回收记录,配送场景需要区分 3L 袋、5L 桶、10L 桶、20L 桶等容器规格，订单明确提示配送数量和回收数量，配送员记录空容器回收。,来源：03_需求规格与业务规则/17-需求-容器管理.md；02_会议需求与范围确认/03-一期范围修订建议.md；需求编号：REQ-060,,六维达康水站项目（需求池完善副本）,P2,客户反馈,方案中,,,建群,用户支付水费，容器免费使用；容器丢失赔偿规则后续确认。,,配送端履约、准入、通知、签收申诉与多水种骨架,六维达康水站项目（需求池完善副本）,,配送端,一期,后续预留,后台能维护至少 4 种容器规格；配送订单显示容器类型、容量、数量；配送员可标记回收数量；后台可统计容器回收记录和简化库存。,REQ-060,依赖 REQ-011、REQ-015、REQ-054、REQ-059。,,正式PRD,一期预留,否,配送,人工运营,验收补充：一期不做单桶唯一编码和扫码生命周期；二期再做入库、出库、清洗、报废和押金。,容器清洗责任、押金/赔偿规则、容器规格清单待甲方确认。,03_需求规格与业务规则/17-需求-容器管理.md；02_会议需求与范围确认/03-一期范围修订建议.md,补容器作为配送订单字段和回收记录，不把它误判为完整仓储系统。,新增：L4；关联 R20-R22,可直接执行,按 新增：L4；关联 R20-R22 拆成本地任务；优先产出 mock/模拟闭环所需的文档、接口、页面、模型、测试或验收证据。,water-station/apps/miniprogram/；water-station/services/api/；water-station/docs/ops/,用本地文档、接口/页面行为、测试或手工验收记录证明；核心链路需留下订单-命令-ACK-审计日志证据。,无新增人工确认；按 30 天 MVP mock/模拟闭环执行，真实外部能力不进入本轮。
85,套餐兑换汇率、价格快照与退款折算,不同套餐对应不同购水单价和兑换水量，用户消费、退款、申诉和对账都必须保留套餐快照、价格快照和扣费优先级。,来源：02_会议需求与范围确认/01-会议新增需求整理.md；03_需求规格与业务规则/13-需求-在线购卡充值.md；18-需求-差异化定价.md；需求编号：REQ-061,,六维达康水站项目（需求池完善副本）,P0,客户反馈,方案中,,,建群,充值不审核；退款和提现必须后台审核。,,设备、水卡、扫码规则、运维工单与授权扩展模型,六维达康水站项目（需求池完善副本）,,水卡,一期,一期重要,套餐配置包含价格、有效期、兑换水量、赠送比例和生效状态；下单前展示价格组成；订单保存套餐快照和价格快照；退款按套餐比例、剩余水量、已使用情况折算；退款/提现走后台审核。,REQ-061,依赖 REQ-006、REQ-007、REQ-021、REQ-023、REQ-043、REQ-044。,,会议确认,商业一期,否,支付财务,后端数据库,验收补充：扣费优先级默认时效卡、可用水、余额、微信；历史订单价格不受后续价格调整影响；价格大幅调整需审批和日志。,套餐档位、退款手续费、支付宝是否支持、价格调整是否通知用户待确认。,02_会议需求与范围确认/01-会议新增需求整理.md；03_需求规格与业务规则/13-需求-在线购卡充值.md；18-需求-差异化定价.md,把套餐汇率和退款快照从购卡/价格泛化需求中拆出，作为财务和申诉关键验收。,新增：L5；关联 R17、R18、R24、R30,可直接执行,按 新增：L5；关联 R17、R18、R24、R30 拆成本地任务；优先产出 mock/模拟闭环所需的文档、接口、页面、模型、测试或验收证据。,water-station/services/api/；water-station/docs/ops/；water-station/docs/requirements/,用本地文档、接口/页面行为、测试或手工验收记录证明；核心链路需留下订单-命令-ACK-审计日志证据。,无新增人工确认；按 30 天 MVP mock/模拟闭环执行，真实外部能力不进入本轮。
86,运维告警工单与巡检闭环,设备离线、故障、TDS 超标、滤芯超时、SIM 到期、出水异常、指令超时等问题需要从告警进入工单、派工、处理、恢复和关闭。,来源：04_产品端口与业务方案/11-运维告警报修售后.md；06_一期开发执行计划/05-执行-后台开发.md；需求编号：REQ-062,,六维达康水站项目（需求池完善副本）,P1,客户反馈,方案中,,,建群,不要只做提醒列表，必须有处理记录和关闭证据。,,设备、水卡、扫码规则、运维工单与授权扩展模型,六维达康水站项目（需求池完善副本）,,运维能力,一期,一期重要,后台能看到异常设备、滤芯和 SIM 提醒；设备故障能生成告警；告警能进入报修工单；工单可分配运维、上传处理结果、关闭；机主能看到自己设备异常；巡检记录可保存现场照片和处理结果。,REQ-062,依赖 REQ-013、REQ-014、REQ-020、REQ-036、REQ-039、REQ-040。,,正式PRD,商业一期,否,运维,后端数据库,验收补充：工单状态至少覆盖待确认、待分配、处理中、待复核、已关闭；告警和工单状态变更写操作日志。,告警阈值、运维角色、工单 SLA 和配件库存边界待确认；MVP 可先做模型和只读提醒。,04_产品端口与业务方案/11-运维告警报修售后.md；06_一期开发执行计划/05-执行-后台开发.md,从 REQ-014 报修售后中拆出告警到工单到巡检的闭环验收。,新增：L6；关联 R26、R34、R35,可直接执行,按 新增：L6；关联 R26、R34、R35 拆成本地任务；优先产出 mock/模拟闭环所需的文档、接口、页面、模型、测试或验收证据。,water-station/docs/requirements/；water-station/docs/planning/,用本地文档、接口/页面行为、测试或手工验收记录证明；核心链路需留下订单-命令-ACK-审计日志证据。,无新增人工确认；按 30 天 MVP mock/模拟闭环执行，真实外部能力不进入本轮。
87,设备中控运营控制中心,后台不能只是设备列表，需要成为设备运营控制中心，支持状态、参数、地图、远程指令、紧急停机/锁机、公告和用户端状态展示开关。,来源：05_设备接口与技术方案/01-设备终端管理控制总方案.md；06-小程序全功能逐项巡检报告.md；02_会议需求与范围确认/06-一期范围与会议确认.md；需求编号：REQ-063,,六维达康水站项目（需求池完善副本）,P0,客户反馈,方案中,,,建群,一期重点做售水机；水控机共通能力和差异字段需设备厂确认。,,设备、水卡、扫码规则、运维工单与授权扩展模型,六维达康水站项目（需求池完善副本）,,设备接入,一期,一期必需,后台能新增设备、绑定水站/机主/渠道/地址、查看在线/离线/关机/故障/维护/出水中状态；能查看 TDS、滤芯、信号、最后连接时间；能下发查询、开机、锁机、解锁、参数同步、价格同步等指令；用户扫码前读取真实状态。,REQ-063,依赖 REQ-020、REQ-025、REQ-026、REQ-027、REQ-028、REQ-029、REQ-030、REQ-031、REQ-055。,,设备技术方案,商业一期,骨架,设备,甲方设备,验收补充：特定设备/设备组/全部设备指令范围可控；紧急停机和价格类操作需要二次验证和操作日志；设备状态开关影响用户端是否展示真实设备情况。,真实远程控制依赖设备厂协议和样机；高风险指令需权限、审计和回滚策略。,05_设备接口与技术方案/01-设备终端管理控制总方案.md；06-小程序全功能逐项巡检报告.md；02_会议需求与范围确认/06-一期范围与会议确认.md,补“设备中控平台”作为后台核心模块，避免设备需求只停留在档案和在线状态。,新增：L7；关联 R7-R10、R27-R29、R32,可直接执行,按 新增：L7；关联 R7-R10、R27-R29、R32 拆成本地任务；优先产出 mock/模拟闭环所需的文档、接口、页面、模型、测试或验收证据。,water-station/services/iot/；water-station/services/api/；water-station/docs/iot/,用本地文档、接口/页面行为、测试或手工验收记录证明；核心链路需留下订单-命令-ACK-审计日志证据。,无新增人工确认；按 30 天 MVP mock/模拟闭环执行，真实外部能力不进入本轮。
88,设备二维码、万能码与扫码价格规则,设备厂和后台需要明确新版/旧版二维码、万能码、出水口、价格模板和扫码价格同步关系，保证扫码入口、运营活动和真实取水定价一致。,来源：05_设备接口与技术方案/01-设备终端管理控制总方案.md；02-设备厂对接清单与联调要求.md；06-小程序全功能逐项巡检报告.md；需求编号：REQ-064,,六维达康水站项目（需求池完善副本）,P0,竞品分析,方案中,,,建群,这是设备厂对接必须确认项之一。,,设备、水卡、扫码规则、运维工单与授权扩展模型,六维达康水站项目（需求池完善副本）,,出水控制,一期,一期重要,设备厂提供新版/旧版二维码样例和二维码规则；后台可查看设备二维码；万能码能绑定设备、价格和出水口；扫码价格支持按出水口、模板和价格卡片配置；保存后同步到设备或扫码规则；用户扫码前价格有效。,REQ-064,依赖 REQ-004、REQ-021、REQ-025、REQ-026、REQ-061、REQ-063。,,设备技术方案,商业一期,骨架,设备,甲方设备,验收补充：旧码跳 H5/小程序、新码可参与运营活动的兼容策略需写清；删除全部万能码属于高风险操作，需要确认和日志。,万能码是否需要同步到设备、二维码是否防伪、扫码价格和后台价格规则是否冲突待确认。,05_设备接口与技术方案/01-设备终端管理控制总方案.md；02-设备厂对接清单与联调要求.md；06-小程序全功能逐项巡检报告.md,从扫码识别和价格配置中拆出二维码、万能码、出水口扫码价的专门验收。,新增：L8；关联 R7、R15、R27、R29,可直接执行,按 新增：L8；关联 R7、R15、R27、R29 拆成本地任务；优先产出 mock/模拟闭环所需的文档、接口、页面、模型、测试或验收证据。,water-station/services/iot/；water-station/services/api/；water-station/docs/iot/,用本地文档、接口/页面行为、测试或手工验收记录证明；核心链路需留下订单-命令-ACK-审计日志证据。,无新增人工确认；按 30 天 MVP mock/模拟闭环执行，真实外部能力不进入本轮。
89,设备迁移换机与资质合规档案,运维中会出现同型号换机、设备/数据迁移、资质上传和证件模板管理，需要验证、日志审计和旧新设备关系处理。,来源：05_设备接口与技术方案/01-设备终端管理控制总方案.md；06-小程序全功能逐项巡检报告.md；02-设备厂对接清单与联调要求.md；需求编号：REQ-065,,六维达康水站项目（需求池完善副本）,P1,竞品分析,方案中,,,建群,资质档案和水质报告涉及监管合规，需确定责任人和更新周期。,,设备、水卡、扫码规则、运维工单与授权扩展模型,六维达康水站项目（需求池完善副本）,,运维能力,后续预留,二期增强,一键换机需验证并限制同型号；迁移需验证码或二次验证；旧设备解绑、新设备继承水站/机主/渠道/二维码/价格等关系；资质页支持体检合格证、卫生培训证明、设备卫生许可批件、水质质检报告和模板管理；全流程写日志。,REQ-065,依赖 REQ-020、REQ-025、REQ-040、REQ-063、REQ-064。,,设备技术方案,二期增强,否,运维,甲方设备,验收补充：一期至少把设备资质字段、迁移/换机风险和设备厂支持边界列入确认清单；完整流程二期开发。,换机和迁移属于高风险操作，若没有验证、审计和回滚，会造成设备归属、收益和二维码错乱。,05_设备接口与技术方案/01-设备终端管理控制总方案.md；06-小程序全功能逐项巡检报告.md；02-设备厂对接清单与联调要求.md,补设备生命周期运维需求，不把换机、迁移、资质误当作普通设备编辑。,新增：L9；关联 R26、R27、R29,可直接执行,按 新增：L9；关联 R26、R27、R29 拆成本地任务；优先产出 mock/模拟闭环所需的文档、接口、页面、模型、测试或验收证据。,water-station/docs/requirements/；water-station/docs/planning/,用本地文档、接口/页面行为、测试或手工验收记录证明；核心链路需留下订单-命令-ACK-审计日志证据。,无新增人工确认；按 30 天 MVP mock/模拟闭环执行，真实外部能力不进入本轮。
90,合规日志、数据加密、备份与审计导出,财务流水、操作日志、消费流水、分账记录和健康数据需要分层存储、加密、备份、生命周期管理和审计导出能力。,来源：03_需求规格与业务规则/21-需求-日志与合规.md；06_一期开发执行计划/10-执行-试运行与上线.md；需求编号：REQ-066,,六维达康水站项目（需求池完善副本）,P0,客户反馈,方案中,,,建群,用户健康数据删除权必须单独设计，不得和财务流水永久保存混淆。,,公司后台/系统管理端、配置中心、合规审计与事件白名单,六维达康水站项目（需求池完善副本）,,后台,一期,一期重要,财务流水不可篡改且可追溯；操作日志完整可查；敏感字段加密存储；每日全量备份、实时增量备份、异地灾备和恢复演练；支持按用户/订单/时间导出审计数据；满足个保法和支付/财务合规。,REQ-066,依赖 REQ-023、REQ-024、REQ-043、REQ-045、REQ-210。,,正式PRD,商业一期,骨架,后端,后端数据库,验收补充：至少定义 financial_ledger、financial_reconciliation、operation_log 和 audit/export；密钥由 KMS 管理，传输使用 HTTPS/TLS。,数据保存期限、是否区块链式防篡改、是否监管上报待确认；合规实现成本高。,03_需求规格与业务规则/21-需求-日志与合规.md；06_一期开发执行计划/10-执行-试运行与上线.md,把 REQ-024 操作日志升级为完整合规体系，不只记录订单命令日志。,新增：L10；关联 R9、R24、R31、R32、R35,可直接执行,按 新增：L10；关联 R9、R24、R31、R32、R35 拆成本地任务；优先产出 mock/模拟闭环所需的文档、接口、页面、模型、测试或验收证据。,water-station/apps/admin/；water-station/services/api/；water-station/docs/admin/,用本地文档、接口/页面行为、测试或手工验收记录证明；核心链路需留下订单-命令-ACK-审计日志证据。,无新增人工确认；按 30 天 MVP mock/模拟闭环执行，真实外部能力不进入本轮。
91,后台数据大屏与告警中心,公司后台需要数据运营大屏，显示设备、用户、充值、办卡、收入、流水趋势、设备分布和异常告警，支持运营快速判断试点状态。,来源：06_一期开发执行计划/05-执行-后台开发.md；03_需求规格与业务规则/26-小程序系统功能表.xlsx；需求编号：REQ-067,,六维达康水站项目（需求池完善副本）,P1,竞品分析,方案中,,,建群,深度经营分析仍按 REQ-212 二期增强处理。,,公司后台/系统管理端、配置中心、合规审计与事件白名单,六维达康水站项目（需求池完善副本）,,后台,一期,一期重要,后台首页展示总设备数、在线设备数、昨日流水、总用户数、今日充值、今日办卡、今日收入；支持日/周流水趋势；设备分布地图和告警卡片可用；异常设备、滤芯到期、SIM 到期能进入告警中心。,REQ-067,依赖 REQ-020、REQ-022、REQ-023、REQ-050、REQ-062、REQ-063。,,执行计划,商业一期,否,后台,后端数据库,验收补充：30 天 MVP 可先做订单和设备只读看板；商业一期再扩展 ECharts、地图、实时数据流和完整告警中心。,指标口径必须来自后端数据库，不从飞书或 n8n 反算；实时数据流有性能风险。,06_一期开发执行计划/05-执行-后台开发.md；03_需求规格与业务规则/26-小程序系统功能表.xlsx,补后台数据大屏和告警中心，区别于最小订单/设备只读看板。,新增：L11；关联 R10、R23、R34,可直接执行,按 新增：L11；关联 R10、R23、R34 拆成本地任务；优先产出 mock/模拟闭环所需的文档、接口、页面、模型、测试或验收证据。,water-station/apps/admin/；water-station/services/api/；water-station/docs/admin/,用本地文档、接口/页面行为、测试或手工验收记录证明；核心链路需留下订单-命令-ACK-审计日志证据。,无新增人工确认；按 30 天 MVP mock/模拟闭环执行，真实外部能力不进入本轮。
92,试运行上线、灰度回滚与数据迁移,一期交付前需要生产环境部署、数据库迁移、配置检查、灰度发布、监控告警、回滚和试运行日报，确保可上线验收。,来源：06_一期开发执行计划/10-执行-试运行与上线.md；需求编号：REQ-068,,六维达康水站项目（需求池完善副本）,P1,跨团队合作,方案中,,,建群,上线不是简单部署，需要迁移边界、灰度策略和回滚预案。,,工程底座、正式 OpenAPI、测试专项、Bug 风险与上线闭环,六维达康水站项目（需求池完善副本）,,联调验收,一期,一期重要,上线检查清单包含数据库备份、配置文件、密钥、服务启动、监控告警、域名、SSL、性能监控、错误日志和应急预案；灰度按 10%/30%/50%/100% 推进；迁移只迁套餐配置、设备、水站/机主、渠道和系统配置，不迁测试用户、订单、水卡；有迁移报告和上线报告。,REQ-068,依赖所有 P0/P1 需求验收、真实设备联调、支付合规和安全测试。,,执行计划,商业一期,否,测试,人工运营,验收补充：试运行指标包括可用性 >=99.9%、API 错误率 <0.1%、反馈响应 <2 小时、Bug 修复 <24 小时、7 天无重大故障。,生产环境、域名、备案、商户号、客服/运营团队由甲方提供，未就绪会阻塞上线。,06_一期开发执行计划/10-执行-试运行与上线.md,把 M10 上线试运行从执行计划补成需求池可验收项。,新增：L12；关联 R31-R35,可直接执行,按 新增：L12；关联 R31-R35 拆成本地任务；优先产出 mock/模拟闭环所需的文档、接口、页面、模型、测试或验收证据。,water-station/docs/mvp/；water-station/docs/ops/；测试证据记录,用本地文档、接口/页面行为、测试或手工验收记录证明；核心链路需留下订单-命令-ACK-审计日志证据。,无新增人工确认；按 30 天 MVP mock/模拟闭环执行，真实外部能力不进入本轮。
93,培训交接、客服 SOP 与维护 SLA,项目上线后甲方运营、客服、技术和运维团队需要能独立使用后台、处理用户问题、响应故障和承接维护。,来源：06_一期开发执行计划/10-执行-试运行与上线.md；06-执行-配送端开发.md；需求编号：REQ-069,,六维达康水站项目（需求池完善副本）,P1,跨团队合作,方案中,,,建群,维护费用和首年/次年服务范围需要商务确认。,,工程底座、正式 OpenAPI、测试专项、Bug 风险与上线闭环,六维达康水站项目（需求池完善副本）,,运营,一期,一期重要,交付培训材料、操作手册、客服 SOP、运维手册、应急手册、培训记录和完整文档集；客服能处理支付失败、未出水、配送申诉、设备离线、资金差错；维护 SLA 明确 P0/P1/P2/P3 响应和解决时间。,REQ-069,依赖 REQ-017、REQ-059、REQ-062、REQ-066、REQ-068。,,执行计划,商业一期,否,运维,人工运营,验收补充：P0 15 分钟响应 4 小时解决；P1 2 小时响应 24 小时解决；培训对象覆盖运营、客服、技术人员。,如果客服 SOP 和维护边界不清，试运行会把设备、支付、配送问题全部压回开发团队。,06_一期开发执行计划/10-执行-试运行与上线.md；06-执行-配送端开发.md,补培训交接和运维 SLA，避免只交付代码/文档而没有运营承接。,新增：L13；关联 R34、R35,可直接执行,按 新增：L13；关联 R34、R35 拆成本地任务；优先产出 mock/模拟闭环所需的文档、接口、页面、模型、测试或验收证据。,water-station/apps/admin/；water-station/services/api/；water-station/docs/admin/,用本地文档、接口/页面行为、测试或手工验收记录证明；核心链路需留下订单-命令-ACK-审计日志证据。,无新增人工确认；按 30 天 MVP mock/模拟闭环执行，真实外部能力不进入本轮。
94,会员等级、积分与卡券权益体系,共享健康水功能表和商城功能表都包含会员等级、积分、优惠券、每日签到、新人礼包、推广权益和卡券列表，需要明确一期入口/二期完整营销边界。,来源：03_需求规格与业务规则/26-小程序系统功能表.xlsx；09-需求-随机卡券.md；02_会议需求与范围确认/02-新旧需求对照表.md；需求编号：REQ-070,,六维达康水站项目（需求池完善副本）,P2,竞品分析,方案中,,,建群,水站功能表含新人注册送 20L 电子水卡、月卡/年卡套餐和多账户权益。,,二期健康预约、会员营销与消息中心预留,六维达康水站项目（需求池完善副本）,,营销,后续预留,二期增强,一期至少预留用户等级、积分、优惠券、卡券、红包、新人礼包和推广权益字段/入口；二期支持签到积分、优惠券领取/核销、渠道发券、卡券有效期、不可兑换现金、使用范围和防刷限制。,REQ-070,依赖 REQ-006、REQ-007、REQ-045、REQ-056、REQ-058、REQ-061、REQ-207。,,正式PRD,二期增强,否,产品,后端数据库,验收补充：渠道商发券权限后置；券是否抵扣配送费或只抵扣水费需确认；随机卡券需每日限制、防刷和领取记录。,营销规则容易和支付、分账、退款冲突；完整体系不进 30 天 MVP。,03_需求规格与业务规则/26-小程序系统功能表.xlsx；09-需求-随机卡券.md；02_会议需求与范围确认/02-新旧需求对照表.md,补会员积分卡券体系，避免只有“随机卡券”而漏掉等级、签到、新人礼包、优惠券和渠道发券。,新增：L14；关联 R36、REQ-207,后置预留,保留需求、字段和边界说明；不进入 30 天 MVP 主线，后续版本再拆分任务。,water-station/docs/requirements/；water-station/docs/planning/,后续版本评审时再验收；当前只确认其没有被误排进 30 天 MVP。,需人工确认业务口径、验收边界和是否进入本期。
95,第三方商城推荐归因与分润回传,小程序保留第三方商城入口时，需要把推荐人、渠道、水站等归因参数透传到商城，并在商城侧消费后回传可结算的分润数据。,来源：02_会议需求与范围确认/01-会议新增需求整理.md；02-新旧需求对照表.md；04_产品端口与业务方案/10-商城与健康体检生态.md；07_接口报价与商务材料/01-接口文档与报价窗口-Markdown版.md；需求编号：REQ-071,,六维达康水站项目（需求池完善副本）,P1,客户反馈,方案中,,,建群,商品、库存、售后仍按二期商城需求处理。,,渠道端一期预留、推送码归属、商城归因与分润边界,六维达康水站项目（需求池完善副本）,,商城,一期,一期重要,商城入口可按后台配置开启、关闭和跳转；跳转时携带用户、推荐人、渠道、水站和活动参数；商城侧回传订单号、金额、归因链路和可分润金额；回传失败可重试并留审计日志；不把商城商品订单纳入一期自研订单闭环。,REQ-071,依赖 REQ-201 商城入口、REQ-056 渠道预留、REQ-058 推送码归属、REQ-045 分账能力。,,会议确认,一期预留,否,商务,后端数据库,验收补充：至少沉淀 referral_code、channel_id、station_id、source_scene、external_order_id、commission_amount；点击埋点与回传流水可按用户和渠道查询。,第三方商城是否支持参数透传、回调验签和分润金额回传需甲方与商城方确认；不得用前端参数直接作为最终结算依据。,02_会议需求与范围确认/01-会议新增需求整理.md；02-新旧需求对照表.md；04_产品端口与业务方案/10-商城与健康体检生态.md；07_接口报价与商务材料/01-接口文档与报价窗口-Markdown版.md,补独立需求，避免商城只做跳转入口而漏掉推荐归因和分润回传。,新增：T1；关联 REQ-201、REQ-056、REQ-058、REQ-045,后置预留,保留需求、字段和边界说明；不进入 30 天 MVP 主线，后续版本再拆分任务。,water-station/docs/requirements/；water-station/docs/planning/,后续版本评审时再验收；当前只确认其没有被误排进 30 天 MVP。,需确认合作方接口、资质、结算口径、隐私合规和版本排期。
96,分润收益钱包与收益流水脱敏展示,机主、渠道或推广相关角色需要查看自己的分润余额、收益流水和结算状态，同时用户隐私与下级信息需要脱敏。,来源：08_录音转写与原始证据/02_武汉纺织大学会议/08-AI纪要-Markdown版.md；08_录音转写与原始证据/02_武汉纺织大学会议/02-转写结果.docx；需求编号：REQ-072,,六维达康水站项目（需求池完善副本）,P1,客户反馈,方案中,,,建群,30 天 MVP 不做真实提现。,,渠道端一期预留、推送码归属、商城归因与分润边界,六维达康水站项目（需求池完善副本）,,分账,一期,一期重要,后台和对应角色端可区分水卡余额、用户余额和分润余额；收益流水展示来源订单、分润类型、比例、金额、状态和结算时间；下级用户手机号、姓名等敏感信息脱敏；提现或结算动作需后台审核和日志。,REQ-072,依赖 REQ-023 财务流水、REQ-045 分账能力、REQ-046 售水分账。,,会议确认,商业一期,否,支付财务,后端数据库,验收补充：收益流水与财务流水不能混表替代；余额变动必须可追溯到结算批次和原始订单。,分润余额涉及税务、提现、冻结、冲正和隐私合规，比例和角色可见范围需甲方确认。,08_录音转写与原始证据/02_武汉纺织大学会议/08-AI纪要-Markdown版.md；08_录音转写与原始证据/02_武汉纺织大学会议/02-转写结果.docx,补独立收益钱包/收益流水口径，避免只做后台财务流水而漏掉角色端收益展示和隐私脱敏。,新增：T2；关联 REQ-023、REQ-045、REQ-046、REQ-080,外部阻塞,等待外部资料、资质、协议或财务规则到位；当前只沉淀接口、字段、风险和验收清单。,water-station/services/api/；water-station/docs/ops/；water-station/docs/requirements/,外部资料到位后通过联调、验签、对账、设备回执或人工验收证明；当前不作为 MVP 完成条件。,需确认微信商户号、证书、回调域名、退款权限、分账规则、财务审核口径。
97,多水种配送履约与生产用量统计,项目存在 8 种水和不同水量/套餐，配送员、后台和生产运营需要识别水种、统计配送量、生产量和用户实际用量。,来源：08_录音转写与原始证据/01_新录音32/02-转写结果.docx；03_需求规格与业务规则/14-需求-多品类水管理.md；04_产品端口与业务方案/07-配送端功能方案.md；需求编号：REQ-073,,六维达康水站项目（需求池完善副本）,P1,客户反馈,方案中,,,建群,生产排程和库存可后置。,,配送端履约、准入、通知、签收申诉与多水种骨架,六维达康水站项目（需求池完善副本）,,配送端,一期,一期重要,订单和配送任务必须携带水种、水量、容器规格和套餐快照；配送员端可识别本次应配送水种和数量；后台可按水种统计下单量、配送量、取水量和异常量；统计口径与价格快照一致。,REQ-073,依赖 REQ-005 水种选择、REQ-021 价格配置、REQ-054 配送端范围、REQ-061 套餐快照。,,会议确认,一期预留,骨架,配送,后端数据库,验收补充：水种字典需支持启停、排序、默认水种和后台维护；生产统计可先用人工录入或后台报表，不进 30 天核心闭环。,8 种水最终名称、规格、生产口径和配送责任需甲方确认；不能只在价格表里定义水种而配送端不可见。,08_录音转写与原始证据/01_新录音32/02-转写结果.docx；03_需求规格与业务规则/14-需求-多品类水管理.md；04_产品端口与业务方案/07-配送端功能方案.md,补水种从下单到配送再到统计的履约口径。,新增：T3；关联 REQ-005、REQ-021、REQ-054、REQ-061,后置预留,保留需求、字段和边界说明；不进入 30 天 MVP 主线，后续版本再拆分任务。,water-station/apps/miniprogram/；water-station/services/api/；water-station/docs/ops/,后续版本评审时再验收；当前只确认其没有被误排进 30 天 MVP。,需确认配送 SLA、申诉处理、照片/GPS 规则、配送员准入和运营责任。
98,设备机组与水卡授权范围模型,单台设备、机组、多设备列表和水卡可用范围需要建模，避免用户水卡或套餐在错误设备、错误机组或错误水站上使用。,来源：05_设备接口与技术方案/11-共享水站及设备管理系统需求整理.md；05_设备接口与技术方案/10-项目完整框架与三期开发技术文档-HTML版.html；09_架构图与参考图片/03-数据模型ER图.png；需求编号：REQ-074,,六维达康水站项目（需求池完善副本）,P0,竞品分析,方案中,,,建群,30 天 MVP 可只实现 station/device 两级，保留 group/outlet 字段。,,设备、水卡、扫码规则、运维工单与授权扩展模型,六维达康水站项目（需求池完善副本）,,设备接入,一期,一期必需,后台可维护水站、设备、机组、出水口之间的层级关系；水卡、套餐或授权记录可绑定到全站、指定机组、指定设备或指定出水口；扫码取水前按授权范围校验；越权尝试写日志并给用户明确提示。,REQ-074,依赖 REQ-019 水站管理、REQ-020 设备管理、REQ-004 扫码识别、REQ-006 水卡校验。,,设备技术方案,骨架方案,骨架,设备,后端数据库,验收补充：最小字段包括 station_id、device_group_id、device_id、outlet_id、scope_type、scope_status、effective_at、expire_at。,真实硬件是否存在机组概念、机组与出水口映射是否稳定需设备厂确认。,05_设备接口与技术方案/11-共享水站及设备管理系统需求整理.md；05_设备接口与技术方案/10-项目完整框架与三期开发技术文档-HTML版.html；09_架构图与参考图片/03-数据模型ER图.png,补授权范围模型，避免只建水站/设备两层导致水卡权限无法准确落到设备组或出水口。,新增：T4；关联 REQ-019、REQ-020、REQ-004、REQ-006,外部阻塞,等待外部资料、资质、协议或财务规则到位；当前只沉淀接口、字段、风险和验收清单。,water-station/services/iot/；water-station/services/api/；water-station/docs/iot/,外部资料到位后通过联调、验签、对账、设备回执或人工验收证明；当前不作为 MVP 完成条件。,需确认设备厂协议、样机、命令集、ACK 语义、心跳/故障码、二维码/刷卡能力。
99,实体水卡刷卡在线授权与离线策略,实体水卡刷卡取水时，设备需要把 card_id 或卡号上报平台授权；断网或平台不可达时，需要明确白名单、限额和补传策略。,来源：05_设备接口与技术方案/11-共享水站及设备管理系统需求整理.md；05_设备接口与技术方案/10-项目完整框架与三期开发技术文档-HTML版.html；03_需求规格与业务规则/13-需求-在线购卡充值.md；需求编号：REQ-075,,六维达康水站项目（需求池完善副本）,P0,竞品分析,方案中,,,建群,若甲方一期不接实体卡，可保留协议字段和风险说明。,,设备、水卡、扫码规则、运维工单与授权扩展模型,六维达康水站项目（需求池完善副本）,,水卡,一期,一期重要,设备上报 card_id、device_id、station_id、请求时间和取水参数；平台返回允许/拒绝、可用水量、限额和失败原因；离线模式需配置是否允许、单次限额、日限额、白名单和补传规则；离线补传不得重复扣减。,REQ-075,依赖 REQ-006 水卡余额校验、REQ-041 断网补传、REQ-043 回调幂等、REQ-074 授权范围。,,设备技术方案,一期预留,骨架,设备,后端数据库,验收补充：实体卡绑定、解绑、挂失、冻结状态需影响刷卡授权；离线补传必须进入审计和对账。,设备是否支持在线等授权、离线缓存和卡号加密取决于硬件协议；真实扣费不进 30 天 MVP。,05_设备接口与技术方案/11-共享水站及设备管理系统需求整理.md；05_设备接口与技术方案/10-项目完整框架与三期开发技术文档-HTML版.html；03_需求规格与业务规则/13-需求-在线购卡充值.md,补实体卡刷卡授权，不把实体卡简单等同于虚拟余额字段。,新增：T5；关联 REQ-006、REQ-041、REQ-043、REQ-074,后置预留,保留需求、字段和边界说明；不进入 30 天 MVP 主线，后续版本再拆分任务。,water-station/services/api/；water-station/docs/ops/；water-station/docs/requirements/,后续版本评审时再验收；当前只确认其没有被误排进 30 天 MVP。,需确认微信商户号、证书、回调域名、退款权限、分账规则、财务审核口径。
100,计时启动型共享设备预留模型,后续可能接入按时长启动的共享设备，如投氧机、头氧机或其他非按升数计费设备，需要在设备模型中预留计时型能力。,来源：05_设备接口与技术方案/07-多端流程框架与模拟计划.md；05_设备接口与技术方案/08-多端流程框架与模拟计划-HTML版.html；05_设备接口与技术方案/10-项目完整框架与三期开发技术文档-HTML版.html；需求编号：REQ-076,,六维达康水站项目（需求池完善副本）,P2,竞品分析,方案中,,,建群,水表独立子系统不并入本条。,,设备、水卡、扫码规则、运维工单与授权扩展模型,六维达康水站项目（需求池完善副本）,,设备接入,二期,二期增强,设备类型支持 volume_dispense 与 timed_start 等模式；计时型设备可配置单价、时长、开始/停止指令、超时规则和执行结果；订单模型预留 duration_seconds、started_at、ended_at、actual_duration_seconds 字段。,REQ-076,依赖 REQ-020 设备管理、REQ-030 开始指令、REQ-031 停止指令。,,设备技术方案,二期增强,否,设备,后端数据库,验收补充：一期不开发计时设备 UI，只要求设备类型枚举和订单字段不阻断后续扩展。,不同设备计费、启停和安全规则差异大，二期前需重新做协议评审。,05_设备接口与技术方案/07-多端流程框架与模拟计划.md；05_设备接口与技术方案/08-多端流程框架与模拟计划-HTML版.html；05_设备接口与技术方案/10-项目完整框架与三期开发技术文档-HTML版.html,补共享设备类型扩展点，避免售水设备模型写死为按升数出水。,新增：T6；关联 REQ-020、REQ-030、REQ-031,后置预留,保留需求、字段和边界说明；不进入 30 天 MVP 主线，后续版本再拆分任务。,water-station/services/iot/；water-station/services/api/；water-station/docs/iot/,后续版本评审时再验收；当前只确认其没有被误排进 30 天 MVP。,需确认设备厂协议、样机、命令集、ACK 语义、心跳/故障码、二维码/刷卡能力。
101,健康体检预约入口与接口预留,健康生态中存在体检套餐和预约入口，需要记录预约人、联系方式、预约时间和预约状态，并为后续第三方体检机构接口预留。,来源：04_产品端口与业务方案/10-商城与健康体检生态.md；01_对外汇报材料/05-项目完整树状图-文本版.txt；07_接口报价与商务材料/01-接口文档与报价窗口-Markdown版.md；需求编号：REQ-077,,六维达康水站项目（需求池完善副本）,P2,竞品分析,方案中,,,建群,不进入 30 天 MVP。,,二期健康预约、会员营销与消息中心预留,六维达康水站项目（需求池完善副本）,,健康,二期,二期增强,用户端可看到体检预约入口；后台可配置是否开启、跳转链接或预约表单；预约记录包含套餐、预约人、手机号、时间、状态和来源；不采集无必要健康敏感信息；第三方接口未接入时可仅保存预约意向。,REQ-077,依赖 REQ-210 健康档案接口、REQ-211 健康推荐、REQ-052 用户端范围。,,正式PRD,二期增强,否,产品,后端数据库,验收补充：预约入口与健康档案授权分离；用户可取消预约；后台可导出预约清单。,健康体检涉及个人敏感信息和线下履约，需确认资质、隐私协议和第三方接口责任边界。,04_产品端口与业务方案/10-商城与健康体检生态.md；01_对外汇报材料/05-项目完整树状图-文本版.txt；07_接口报价与商务材料/01-接口文档与报价窗口-Markdown版.md,补体检预约，不让健康生态只停留在健康档案和推荐标签。,新增：T7；关联 REQ-210、REQ-211、REQ-052,后置预留,保留需求、字段和边界说明；不进入 30 天 MVP 主线，后续版本再拆分任务。,water-station/docs/requirements/；water-station/docs/planning/,后续版本评审时再验收；当前只确认其没有被误排进 30 天 MVP。,需确认合作方接口、资质、结算口径、隐私合规和版本排期。
102,水卡后台运营：代客绑卡、批量开卡、迁移与后台充值,运营人员需要处理线下办卡、代客绑卡、批量开卡、会员卡迁移、后台充值和充值异常，不能只依赖用户自助购卡。,来源：04_产品端口与业务方案/09-会员水卡充值消费财务.md；03_需求规格与业务规则/13-需求-在线购卡充值.md；03_需求规格与业务规则/26-小程序系统功能表.xlsx；需求编号：REQ-078,,六维达康水站项目（需求池完善副本）,P1,客户反馈,方案中,,,建群,30 天 MVP 可只保留数据模型和后台占位。,,公司后台/系统管理端、配置中心、合规审计与事件白名单,六维达康水站项目（需求池完善副本）,,水卡,一期,一期重要,后台支持单个代客绑卡、批量开卡导入、实体/虚拟卡迁移、后台充值申请、后台充值审核和异常处理；所有人工动作写操作日志；批量导入可下载失败明细；充值和迁移不允许绕过财务审核。,REQ-078,依赖 REQ-006 水卡余额、REQ-007 购卡充值、REQ-023 财务流水、REQ-061 套餐快照。,,正式PRD,商业一期,否,支付财务,后端数据库,验收补充：迁移前后保留旧卡、新卡、操作人、原因、余额快照和附件证据。,后台人工充值和迁移属于高风险资金操作，必须有权限、审批和审计。,04_产品端口与业务方案/09-会员水卡充值消费财务.md；03_需求规格与业务规则/13-需求-在线购卡充值.md；03_需求规格与业务规则/26-小程序系统功能表.xlsx,补水卡后台运营，不把水卡只做成用户自助充值和余额查询。,新增：T8；关联 REQ-006、REQ-007、REQ-023、REQ-061,外部阻塞,等待外部资料、资质、协议或财务规则到位；当前只沉淀接口、字段、风险和验收清单。,water-station/services/api/；water-station/docs/ops/；water-station/docs/requirements/,外部资料到位后通过联调、验签、对账、设备回执或人工验收证明；当前不作为 MVP 完成条件。,需确认微信商户号、证书、回调域名、退款权限、分账规则、财务审核口径。
103,配送员注册认证与准入管理,配送端不是任意用户都可进入，需要配送员注册、认证、后台审核或开通，并与水站、区域、任务范围关联。,来源：01_对外汇报材料/02-项目总框架-HTML版.html；04_产品端口与业务方案/07-配送端功能方案.md；06_一期开发执行计划/06-执行-配送端开发.md；需求编号：REQ-079,,六维达康水站项目（需求池完善副本）,P0,客户反馈,方案中,,,建群,30 天 MVP 可用后台手工开通。,,配送端履约、准入、通知、签收申诉与多水种骨架,六维达康水站项目（需求池完善副本）,,配送端,一期,一期必需,配送员可提交姓名、手机号、身份资料或资质材料；后台可审核、启用、停用、分配水站/区域；未通过认证的用户不能进入配送任务；配送员身份切换、接单、签收和申诉均记录操作日志。,REQ-079,依赖 REQ-051 多身份入口、REQ-054 配送端范围、REQ-015 接单配送。,,正式PRD,骨架方案,骨架,配送,后端数据库,验收补充：后台至少支持人工创建/审核配送员；小程序统一入口只展示已开通身份。,配送员资质、是否需要实名认证、劳务关系和保险责任需甲方确认。,01_对外汇报材料/02-项目总框架-HTML版.html；04_产品端口与业务方案/07-配送端功能方案.md；06_一期开发执行计划/06-执行-配送端开发.md,补配送员准入，不让配送端只剩任务列表而没有人员认证和开通流程。,新增：T9；关联 REQ-051、REQ-054、REQ-015、REQ-016,外部阻塞,等待外部资料、资质、协议或财务规则到位；当前只沉淀接口、字段、风险和验收清单。,water-station/apps/miniprogram/；water-station/services/api/；water-station/docs/ops/,外部资料到位后通过联调、验签、对账、设备回执或人工验收证明；当前不作为 MVP 完成条件。,需确认配送 SLA、申诉处理、照片/GPS 规则、配送员准入和运营责任。
104,消费激励池、直推间推与财务边界,项目有直接推荐、间接推荐和消费激励池等激励规则，需要确定资金来源、比例、冻结、结算和合规边界。,来源：04_产品端口与业务方案/02-项目定位与生态闭环.md；07_接口报价与商务材料/01-接口文档与报价窗口-Markdown版.md；08_录音转写与原始证据/01_新录音32/02-转写结果.docx；需求编号：REQ-080,,六维达康水站项目（需求池完善副本）,P2,客户反馈,方案中,,,建群,不进入 30 天 MVP。,,渠道端一期预留、推送码归属、商城归因与分润边界,六维达康水站项目（需求池完善副本）,,营销,二期,二期增强,后台可配置激励池资金来源、适用订单、直接推荐比例、间接推荐比例、结算周期、冻结期和失效条件；分润流水区分售水分润、配送分润、广告分润和消费激励；规则变更有生效时间和历史快照。,REQ-080,依赖 REQ-045 分账能力、REQ-058 推送码归属、REQ-302 多级结算。,,会议确认,二期增强,否,商务,后端数据库,验收补充：必须明确无推送码默认归属、比例冲突处理、历史订单不重算和异常申诉路径。,消费激励可能触碰多级分销、返利和税务合规，规则需法务/财务确认。,04_产品端口与业务方案/02-项目定位与生态闭环.md；07_接口报价与商务材料/01-接口文档与报价窗口-Markdown版.md；08_录音转写与原始证据/01_新录音32/02-转写结果.docx,补消费激励池财务边界，避免只在推送码或会员权益里泛泛预留。,新增：T10；关联 REQ-045、REQ-046、REQ-058、REQ-070、REQ-302,后置预留,保留需求、字段和边界说明；不进入 30 天 MVP 主线，后续版本再拆分任务。,water-station/docs/requirements/；water-station/docs/planning/,后续版本评审时再验收；当前只确认其没有被误排进 30 天 MVP。,需人工确认业务口径、验收边界和是否进入本期。
105,基础环境、CI/CD、监控告警与域名 SSL 交付,一期交付需要明确开发、测试、生产环境，CI/CD 流水线、监控告警、域名、SSL 和部署验收，避免上线只靠手工部署。,来源：06_一期开发执行计划/03-执行-基础架构搭建.md；03_需求规格与业务规则/00-一期开发需求与架构总文档.md；09_架构图与参考图片/01-系统架构总览图.png；water-station/docs/architecture/tech-stack.md；需求编号：REQ-081,,六维达康水站项目（需求池完善副本）,P1,跨团队合作,方案中,,,建群,不把 n8n 作为后端事实来源。,,工程底座、正式 OpenAPI、测试专项、Bug 风险与上线闭环,六维达康水站项目（需求池完善副本）,,项目管理底座,一期,一期重要,至少定义本地/测试/生产三类环境边界；代码可通过流水线构建、测试和部署；域名、SSL、环境变量、日志、监控告警和回滚步骤有清单；生产密钥不得入库；部署结果可复查。,REQ-081,依赖 REQ-066 合规日志、REQ-068 上线迁移。,,执行计划,骨架方案,骨架,后端,后端数据库,验收补充：CI 至少跑 lint/test/build；监控至少覆盖 API 可用性、错误日志、设备回调异常和队列积压。,域名、备案、证书、服务器、商户号和生产配置依赖甲方提供，未提供会阻塞上线。,06_一期开发执行计划/03-执行-基础架构搭建.md；03_需求规格与业务规则/00-一期开发需求与架构总文档.md；09_架构图与参考图片/01-系统架构总览图.png；water-station/docs/architecture/tech-stack.md,补工程交付需求，避免项目管理只写计划而没有环境、流水线和监控验收。,新增：T11；关联 REQ-001、REQ-066、REQ-068,外部阻塞,等待外部资料、资质、协议或财务规则到位；当前只沉淀接口、字段、风险和验收清单。,water-station/docs/architecture/；water-station/docs/ops/；部署与监控配置记录,外部资料到位后通过联调、验签、对账、设备回执或人工验收证明；当前不作为 MVP 完成条件。,需人工确认业务口径、验收边界和是否进入本期。
106,API 合同治理与正式 OpenAPI 交付,小程序、后台、设备模拟器、后端服务之间需要统一接口合同，接口变更必须同步 DTO、校验、客户端和测试。,来源：water-station/docs/api/contract-rules.md；water-station/docs/api/openapi-phase-1.md；water-station/.agents/skills/api-contract/SKILL.md；05_设备接口与技术方案/04-接口与数据模型总表.md；需求编号：REQ-082,,六维达康水站项目（需求池完善副本）,P0,跨团队合作,方案中,,,建群,当前 openapi-phase-1.md 明确不是最终 OpenAPI YAML，需要转正式合同。,,工程底座、正式 OpenAPI、测试专项、Bug 风险与上线闭环,六维达康水站项目（需求池完善副本）,,项目管理底座,一期,一期必需,每个接口明确用途、owner、请求字段、响应字段、错误码和鉴权方式；正式 OpenAPI 或等价合同文件可生成/校验客户端；接口变更同步 DTO、校验规则、API client 和测试；高风险接口需变更评审。,REQ-082,依赖所有一期接口相关需求。,,执行计划,30天MVP,是,后端,后端数据库,验收补充：支付回调、余额扣减、充值、退款、设备出水指令和批量状态变更必须有单独评审记录。,没有 API 合同会导致小程序、后台、设备和测试各做一套字段，联调成本失控。,water-station/docs/api/contract-rules.md；water-station/docs/api/openapi-phase-1.md；water-station/.agents/skills/api-contract/SKILL.md；05_设备接口与技术方案/04-接口与数据模型总表.md,补 API 合同治理，避免需求池只有业务功能而没有接口交付物。,新增：T12；关联 REQ-003、REQ-030、REQ-032、REQ-033、REQ-050,可直接执行,按 新增：T12；关联 REQ-003、REQ-030、REQ-032、REQ-033、REQ-050 拆成本地任务；优先产出 mock/模拟闭环所需的文档、接口、页面、模型、测试或验收证据。,water-station/docs/api/；water-station/services/api/；water-station/packages/shared/,用本地文档、接口/页面行为、测试或手工验收记录证明；核心链路需留下订单-命令-ACK-审计日志证据。,无新增人工确认；按 30 天 MVP mock/模拟闭环执行，真实外部能力不进入本轮。
107,后端事件模型与 n8n 可订阅白名单,订单、设备、工单、告警、通知等状态变化需要后端事件模型统一沉淀，并明确 n8n 只能订阅白名单事件，不能写核心状态。,来源：water-station/docs/ops/backend-events.md；water-station/docs/ops/n8n-test-workflows.md；water-station/docs/ops/n8n-later.md；water-station/.agents/skills/waterstation-domain/SKILL.md；需求编号：REQ-083,,六维达康水站项目（需求池完善副本）,P1,跨团队合作,方案中,,,建群,飞书和 n8n 只做协作/通知层。,,公司后台/系统管理端、配置中心、合规审计与事件白名单,六维达康水站项目（需求池完善副本）,,后台,一期,一期重要,后端定义事件类型、事件字段、触发时机、幂等键和审计留存；n8n 可订阅事件白名单明确；测试 workflow 只能读测试环境事件并发通知草稿；核心订单、支付、余额、设备 ACK 状态只能由后端写入。,REQ-083,依赖 REQ-024 审计日志、REQ-062 工单、REQ-082 API 合同。,,执行计划,骨架方案,骨架,后端,后端数据库,验收补充：事件至少覆盖 order.created、device.command_ack、order.timeout_failed、work_order.created、payment.reconciled 等候选，具体清单以一期合同为准。,n8n 若拥有核心状态写权限会破坏事实来源和审计一致性；生产 webhook 需单独审批。,water-station/docs/ops/backend-events.md；water-station/docs/ops/n8n-test-workflows.md；water-station/docs/ops/n8n-later.md；water-station/.agents/skills/waterstation-domain/SKILL.md,补后端事件和 n8n 边界，不让自动化流程绕过后端事实源。,新增：T13；关联 REQ-001、REQ-024、REQ-062、REQ-068,需人工确认,先确认业务口径和验收边界；确认前只做模型、页面、字段或文档骨架。,water-station/apps/admin/；water-station/services/api/；water-station/docs/admin/,人工确认后补充验收用例；当前检查骨架是否与 30 天 MVP 主链路冲突。,需人工确认业务口径、验收边界和是否进入本期。
108,性能测试与安全测试专项验收,一期测试不能只验证功能通不通，还需要对 API 性能、并发、越权、支付安全、敏感数据和 OWASP 基线做专项验收。,来源：06_一期开发执行计划/09-执行-测试与联调.md；water-station/docs/mvp/acceptance-checklist.md；03_需求规格与业务规则/21-需求-日志与合规.md；需求编号：REQ-084,,六维达康水站项目（需求池完善副本）,P1,跨团队合作,方案中,,,建群,30 天 MVP 至少完成轻量安全检查。,,工程底座、正式 OpenAPI、测试专项、Bug 风险与上线闭环,六维达康水站项目（需求池完善副本）,,联调验收,一期,一期重要,输出性能测试报告和安全测试报告；性能至少覆盖核心 API P95、错误率和基础并发；安全至少覆盖登录鉴权、水平越权、垂直越权、支付回调验签、敏感字段脱敏、密钥不入库和常见 OWASP 风险。,REQ-084,依赖 REQ-049 全链路验收、REQ-066 合规日志、REQ-068 上线迁移。,,执行计划,骨架方案,骨架,测试,人工运营,验收补充：报告需包含命令、环境、时间、样本数据、结果截图或日志路径和未通过项。,真实并发指标需按甲方试点规模确定；支付和健康数据安全需单独评审。,06_一期开发执行计划/09-执行-测试与联调.md；water-station/docs/mvp/acceptance-checklist.md；03_需求规格与业务规则/21-需求-日志与合规.md,补测试专项需求，避免上线验收只看功能流程。,新增：T14；关联 REQ-049、REQ-050、REQ-066、REQ-068,外部阻塞,等待外部资料、资质、协议或财务规则到位；当前只沉淀接口、字段、风险和验收清单。,water-station/docs/mvp/；water-station/docs/ops/；测试证据记录,外部资料到位后通过联调、验签、对账、设备回执或人工验收证明；当前不作为 MVP 完成条件。,需人工确认业务口径、验收边界和是否进入本期。
109,Bug 风险闭环与 P0/P1 清零规则,开发测试阶段需要统一 Bug、风险和阻塞处理规则，P0/P1 必须清零或有书面豁免，才能进入试运行或上线。,来源：water-station/docs/requirements/phase-1-prd.md；06_一期开发执行计划/09-执行-测试与联调.md；water-station/docs/collaboration/feishu-task-rules.md；需求编号：REQ-085,,六维达康水站项目（需求池完善副本）,P0,跨团队合作,方案中,,,建群,协作流程不等于产品功能，但属于一期交付门槛。,,工程底座、正式 OpenAPI、测试专项、Bug 风险与上线闭环,六维达康水站项目（需求池完善副本）,,联调验收,一期,一期必需,Bug 记录包含严重级别、影响范围、责任人、修复版本、回归结果和证据；P0/P1 上线前清零或由负责人书面豁免；风险项关联需求、测试用例和上线检查；阻塞项有下一步和截止时间。,REQ-085,依赖 REQ-049 全链路验收、REQ-050 后台追踪、REQ-068 试运行上线。,,执行计划,30天MVP,是,测试,飞书协作,验收补充：飞书任务可作为协作载体，但最终验收证据需指向测试记录、日志、截图或提交记录。,没有 Bug/Risk 闭环会导致试运行问题回流到开发阶段且责任不清。,water-station/docs/requirements/phase-1-prd.md；06_一期开发执行计划/09-执行-测试与联调.md；water-station/docs/collaboration/feishu-task-rules.md,补测试治理需求，确保每条高风险问题有修复和回归证据。,新增：T15；关联 REQ-001、REQ-049、REQ-050、REQ-068、REQ-069,可直接执行,按 新增：T15；关联 REQ-001、REQ-049、REQ-050、REQ-068、REQ-069 拆成本地任务；优先产出 mock/模拟闭环所需的文档、接口、页面、模型、测试或验收证据。,water-station/docs/mvp/；water-station/docs/ops/；测试证据记录,用本地文档、接口/页面行为、测试或手工验收记录证明；核心链路需留下订单-命令-ACK-审计日志证据。,无新增人工确认；按 30 天 MVP mock/模拟闭环执行，真实外部能力不进入本轮。
110,后台系统配置、页面装修与入口开关,公司后台需要配置小程序入口、菜单、页面链接、协议 FAQ、主题装修和功能开关，支撑商城、健康、广告公告、系统说明等运营内容。,来源：03_需求规格与业务规则/27-小程序五端框架说明.html；03_需求规格与业务规则/26-小程序系统功能表.xlsx；03_需求规格与业务规则/25-WBS与分项报价.md；01_对外汇报材料/02-项目总框架-HTML版.html；需求编号：REQ-086,,六维达康水站项目（需求池完善副本）,P1,竞品分析,方案中,,,建群,页面路径和链接需与微信小程序审核规则一致。,,公司后台/系统管理端、配置中心、合规审计与事件白名单,六维达康水站项目（需求池完善副本）,,后台,一期,一期重要,后台可维护小程序菜单、入口开关、页面路径、外链、协议、FAQ、主题配置和排序；配置变更有预览、生效状态、生效时间和操作日志；前端只展示已启用且当前用户有权限的入口。,REQ-086,依赖 REQ-052 用户端范围、REQ-055 后台范围、REQ-208 公告广告。,,正式PRD,骨架方案,骨架,后台,后端数据库,验收补充：商城入口、健康入口、公告广告、协议 FAQ 和系统说明均应走统一配置模型，避免硬编码。,装修能力容易扩大成完整 CMS；一期只做入口、链接、开关和基础内容，不做复杂拖拽页面装修。,03_需求规格与业务规则/27-小程序五端框架说明.html；03_需求规格与业务规则/26-小程序系统功能表.xlsx；03_需求规格与业务规则/25-WBS与分项报价.md；01_对外汇报材料/02-项目总框架-HTML版.html,补后台系统配置中心，避免公司后台只做业务数据表而缺少运营入口配置。,新增：T16；关联 REQ-052、REQ-055、REQ-201、REQ-208,外部阻塞,等待外部资料、资质、协议或财务规则到位；当前只沉淀接口、字段、风险和验收清单。,water-station/apps/admin/；water-station/services/api/；water-station/docs/admin/,外部资料到位后通过联调、验签、对账、设备回执或人工验收证明；当前不作为 MVP 完成条件。,需人工确认业务口径、验收边界和是否进入本期。
111,消息中心与微信订阅通知事件,用户、配送员、机主和后台需要统一接收充值到账、水卡到期、订单状态、配送状态、报修反馈、系统公告等消息。,来源：03_需求规格与业务规则/27-小程序五端框架说明.html；03_需求规格与业务规则/26-小程序系统功能表.xlsx；03_需求规格与业务规则/00-一期开发需求与架构总文档.md；03_需求规格与业务规则/04-需求-广告公告后台管理.md；需求编号：REQ-087,,六维达康水站项目（需求池完善副本）,P1,客户反馈,方案中,,,建群,30 天 MVP 可先做站内消息和后台记录。,,二期健康预约、会员营销与消息中心预留,六维达康水站项目（需求池完善副本）,,运营,一期,一期重要,定义消息类型、接收角色、触发事件、站内消息内容、微信订阅消息模板和发送状态；用户可查看消息列表和详情；失败消息可重试或降级为站内消息；配送通知、系统公告和报修反馈进入同一消息中心。,REQ-087,依赖 REQ-059 配送通知、REQ-062 运维工单、REQ-083 后端事件。,,正式PRD,骨架方案,骨架,产品,后端数据库,验收补充：微信订阅消息需用户授权和模板资质；消息记录必须关联业务对象和发送结果。,订阅消息模板、短信、企业微信和客服 SOP 需甲方确认；不得把消息通知当作用户申诉或签收凭证。,03_需求规格与业务规则/27-小程序五端框架说明.html；03_需求规格与业务规则/26-小程序系统功能表.xlsx；03_需求规格与业务规则/00-一期开发需求与架构总文档.md；03_需求规格与业务规则/04-需求-广告公告后台管理.md,补统一消息中心，不让通知能力散落在配送、公告和工单需求里。,新增：T17；关联 REQ-017、REQ-059、REQ-062、REQ-083,外部阻塞,等待外部资料、资质、协议或财务规则到位；当前只沉淀接口、字段、风险和验收清单。,water-station/apps/admin/；water-station/services/api/；water-station/docs/admin/,外部资料到位后通过联调、验签、对账、设备回执或人工验收证明；当前不作为 MVP 完成条件。,需人工确认业务口径、验收边界和是否进入本期。
